,Name,WordsByTrend
0,#ASUMETUVOTOIDIOTA,"['mismo', 'noalcomunismo', 'favor', 'cojudigno', 'arruinar', 'vigilar', 'malograr', 'sacar', 'solución', 'patria', 'vigilatukarpa', 'final', 'idioto', 'esperar', 'innecesario', 'narcotráfico', 'equilibrio', 'diablo', 'premier', 'nuevo', 'ciudadano', 'resultado', 'idiota', 'lapicito', 'filoterruco', 'ahora', 'chiste', 'opción', 'detrás', 'quito', 'marcha', 'sumar', 'poder', 'gobernar', 'nariz', 'cantado', 'hacer', 'dejenlar', 'aburrir', 'interés', 'mil', 'dar', 'beneficio', 'culpable', 'asumetuvoto', 'sorprender', 'exigir', 'jajajjajajaj', 'hashtag', 'red', 'jajajaja', 'voto', 'castillopresidenteilegitimo', 'tonto', 'empezar', 'afinar', 'unir', 'dejar', '1ºministro', 'varios', 'buen', 'entonces', 'desear', 'empanada', 'pasar', 'demás', 'caviar', 'largar', 'tirar', 'traidor', 'agarrar', 'vacancia', 'congreso', 'demostrar', 'dividir', 'vender', 'defensa', 'constitución', 'pensar', 'grado', 'sino', 'canjeable', 'perdisye', 'gabinar', 'decir', 'voz', 'presidente', 'almuerzo', 'ahí', 'fujis', 'corrupto', 'argumento', 'automáticamente', 'permitir', 'llevar', 'condena', 'quedar', 'preparar', 'blanco', 'marchar', 'parasitar', 'imagen', 'creador', 'asumir', 'país', 'tratar', 'vacanciapresidencialya', 'pobre', 'nunca', 'izquierda', 'lugar', 'organización', 'ármense', 'risa', 'tuco', 'cambiar', 'mierda', 'peruano', 'democracia', 'gente', 'respeto', 'hablar', 'gabinete', 'castillo', 'dia', 'contacto', 'así', 'mal', 'castiburro', 'atreverse', 'vacanciapedrocastillo', 'después', 'marrón', 'trabajar', 'según', 'revolución', 'decirle', 'plan', 'leer', 'mejor', 'foto', 'keiko', 'animal', 'principio', 'rojo', 'pintura', 'siempre', 'pelo', 'derecha', 'tendencia', 'querer', 'cuánto', 'lideresa', 'pigmeo', 'andar', 'ver', 'discar', 'útil', 'terrorismonuncama', 'gobierno', 'doblemoral', 'cuestionar', 'imposible', 'semaforo', 'siquiera', 'persona', 'votar', 'seguir', 'increíble', 'chillono', 'asumetuvotoidiota', 'noalcomunismoenelperu', 'cerrón', 'ataque', 'bruto', 'llorar', 'dio', 'rico', 'reconocer', 'criminal', 'mental', 'bono', 'esconder', 'cara', 'ayayar', 'limpiar', 'resto', 'salir', 'quejar', 'edificio', 'claro', 'buscar', 'simploner', 'imbecilidad', 'cerron', 'gobernante', 'dignidad', 'asustar', 'vigilante', 'rmp', 'injustificado', 'seguro', 'asumetucagado', 'ofrecer', 'bien', 'peluca', 'fujidiota', 'vinculado', 'bailecito', 'viciado', 'volver', 'perder']"
1,#FIGHT_OR_ESCAPE,"['gato', 'jaja', 'asi', 'tres', 'amoooo', '/fightorescape_fightphoto', 'álbum', 'comentar', 'demasiado', 'hoy', 'agosto', 'taehyun', 'versión', 'idea', 'com', 'llegar', 'esperar', 'sala', 'full', 'ciertoooo', 'nuevo', 'espwraar', 'emocionar', 'responder', 'ahora', 'holar', 'hermana', 'round', 'opción', 'manejar', 'cielo', 'último', 'haber', ""'round"", 'the', 'album', 'moaaaassssss', 'blue', 'hacer', 'valorar', 'dar', 'despertar', 'tomorrow_x_together', 'concept', 'merecer', 'force', 'concep', 'triple', 'hashtag', 'royal', 'chico', 'recordar', 'histórico', 'posible', 'hueningkai', 'avsgsvzbdfbd', 'empezar', 'dejar', 'adaptar', 'freeze', 'buen', 'run', 'entonces', 'trauma', 'pasar', 'went', 'boyfriend', 'menudo', 'lleno', 'skater', 'dualidad', 'maaaass', 'vivo', 'minuto', 'ahshabd', 'levantandose', 'primero', 'perú', 'ambulancia', 'pcs', 'contactar', 'omggggghhhhdjcfjbukk', 'razón', 'ansioso', 'away', 'tener', 'manera', 'canción', 'saber', 'oso', 'pronto', 'bulla', ""'fight"", 'producido', 'paro', 'conceptual', 'txt', 'llevar', 'produjiste', 'bastante', '010821', 'sk8', 'incluir', 'solo', 'comprar', 'lanzamiento', 'junto', 'falta', 'sólo', 'moa', 'entero', 'you', 'toque', 'nami', 'asgavvdbsbd', 'gente', 'desmayado', 'ritual', 'just', 'how', 'min', 'comoq', 'conocer', 'moaaaa', 'dos', 'vlive', 'así', 'beomgyu', 'duro', 'después', 'ruqyrowjdiw', 'normal', 'was', 'comentario', 'extraño', 'letra', 'fresco', 'trabajar', 'cuádruple', 'funcionar', 'beom', 'born', 'leer', 'acabar', 'twitter', 'guys', 'foto', 'grande', 'utilizar', 'venir', 'interaccion', 'mundo', 'cosa', 'hour', 'minnnnn', 'puesto', 'tendencia', 'adiós', 'genial', 'deber', 'sticker', 'ver', 'respectivamente', 'calzonsillo', 'chao', 'soobin', 'and', 'silencio', 'amar', 'skate', 'noche', 'jajaja', 'seguir', 'mirar', 'concepto', 'recien', 'chapter', 'photo', 'fight', 'cualquiera', 'ser', 'matenmar', 'helpp', 'vuelta', 'translatingtxt', 'llamar', 'imaginar', 'brillito', 'usar', 'asimilar', 'llorar', 'everlasting', 'enrealidad', 'dio', 'vez', 'cercano', 'yeonjun', 'can', 'avanzaar', 'fight_or_escape', 'wait', 'ahdhsjjf', 'escape', 'choi', 'info', 'from', 'dormir', 'peluche', 'shine', 'sueño', 'asiiii', 'aaaaaar', 'weverse', 'have', 'feliz', 'trigre', 'mierfa', 'trad', 'mio', 'seguro', 'link', 'regreso', 'bien', '2021', 'broke', 'temprano', 'fightorescape_fightphoto', 'ready', 'volver', 'perder']"
2,#LALIGATUITERA,"['jaja', 'trabajo', 'moqueguaar', 'seguir', 'virrey', 'coherencia', 'valer', 'hija', 'comentar', 'nota', 'continuar', 'sacar', 'suerte', 'buen', 'hoy', 'hablar', 'primicia', 'ojo.pare', 'ahi', 'lujo', 'admirable', 'respaldar', 'molinelli', 'todx', 'ligatuitero', 'pepa', 'laligatuitero', 'palabra', 'congresista', 'gogogogo', 'nuevo', 'violeta', 'junto', 'congreso', 'ganar', 'joven', 'manifiesto', 'primero', 'programa', 'chauuuuu', 'éxito', 'corrupcionsedestapa', 'política', 'sostener', 'pasado', 'gracias', 'presidenta', 'dormir', 'poder', 'fiorella', 'luego', 'not', 'político', 'feliz', 'expremier', 'mirtha', 'inspirar', 'hacer', 'bermúdez', 'proceso', 'admiración', 'arequipa', 'moradito', 'genial', 'escuchar', 'ver', 'atención', 'decencia', 'bendición', 'verdaderamenteeee', 'sodalicio', 'participación', 'ilo', 'chico']"
3,#ONYOUR23RDMARK,"['recordar', 'amar', 'planeado', 'niño', 'horrible', 'mark', 'persona', 'increíble', 'continuar', 'kpop', 'osear', 'hoy', 'buen', 'markzen', 'ser', 'edit', 'vidaaaaaa', 'happy', 'lindo', 'agradecer', 'esperar', 'birthday', 'salud', 'ahhhhhhhhsjahd', 'igual', 'especial', 'aún', 'farito', 'markie', 'tener', 'desastre', 'acabar', 'leer', 'mejor', 'lado', 'día', 'hermoso', 'rápido', 'feliz', 'luz', 'inspirar', 'orgulloso', 'siempre', 'pase', 'completo', 'querer', 'happymarkday', 'cumpleaños', 'apoyandolar', 'precioso', 'expresándomar', 'czennie', 'talentoso', 'solo', 'personita', 'crecer', 'onyour23rdmark', 'futuro']"
4,#VACANCIAPEDROCASTILLO,"['mismo', 'gustar', 'netflix', 'parque', 'actuar', 'congresista', 'plazo', 'ahora', 'semana', 'golpedeestado', 'ley', 'haber', 'poder', 'sosperu', 'dejenlar', 'criterio', 'convertir', 'reiterar', 'proponer', 'incapaz', 'apología', 'red', 'ojo', 'voto', 'respetar', 'defender', 'castillopresidenteilegitimo', 'situación', 'huachafo', 'entonces', 'caviar', 'primero', 'pacto', 'justificar', 'excandidato', 'terrorista', 'cleptocracia', 'segundo', 'investidura', 'nunca', 'año', 'bruh', 'cambiar', 'alguien', 'gabinete', 'recurso', 'jamás', 'así', 'creer', 'leer', 'preguntar', 'keiko', 'darlar', 'querer', 'deber', 'ver', 'chávez', 'meta', 'significar', 'petróleo', 'vacar', 'votar', 'ser', 'noalcomunismoenelperu', 'demostrado', 'decepción', 'dolar', 'retroceder', 'gil', 'tercero', 'bellidorenunciaya', 'mineria', 'imponer', 'apologista', 'etcétera', 'democrático', 'elección', 'meter', 'terco', 'acomoder', 'cumplir', 'chiste', 'gas', 'nacionalizar', 'hacer', 'pueblo', 'mil', 'destrozar', 'asumetuvoto', 'vacanciaya', 'largamente', 'policía', 'huevito', 'precisar', 'traidor', 'millón', 'ilegal', 'dba', 'títere', 'pasado', 'incapacidad', 'lescano', 'decir', 'miedo', 'ahí', 'gadafi', 'llevar', 'confianza', 'solo', 'respetuoso', 'tratar', 'mediocre', 'ármense', 'hija', 'hijo', 'mierda', 'gente', 'respeto', 'lacra', 'tomar', 'vacanciapedrocastillo', 'muerto', 'mejor', 'tibio', 'pintura', 'cosa', 'bellido', 'vivido', 'gobiernoclandestino', 'financiar', 'gobierno', 'negociar', 'eso…', 'gana', 'seguir', 'terruquear', 'filo', 'instruido', 'fraude', 'poquito', 'reventar', 'entender', 'vez', 'reconocer', 'parar', 'regresar', 'sendero', 'día', 'gobernante', 'republicano', 'propuesta', 'noalcomunismo', 'estonoesdemocracia', 'españa', 'husein', 'sacar', 'llegar', 'idioto', 'esperar', 'dictadura', 'peruexplicadoparaespaña', 'ipso', 'conelterrorismonosenegocia', 'fiscal', 'alcanzar', 'unico', 'recontra', 'económico', 'puestito', 'voluntad', 'acción', 'capaz', 'empezar', 'afinar', 'dejar', 'dictado', 'deshacer', 'largar', 'menudo', 'lleno', 'resentimiento', 'investigar', 'clarisimo', 'golpista', 'vacancia', 'perú', 'década', 'demostrar', 'tener', 'técnico', 'tirano', 'saber', 'nulo', 'país', 'presidencial', 'romper', 'jajajjajajajajjajaja', 'cinismo', 'convencer', 'información', 'después', 'derecho', 'conspiración', 'acabar', 'caer', 'interior', 'esperanza', 'camino', 'rojo', 'andar', 'terrorismonuncama', 'enterar', 'popular', 'apoyo', 'comunismoesmiseria', 'importante', 'pro', 'vaganciakeikofujimori', 'representar', 'asumetuvotoidiota', 'cualquiera', 'poner', 'exacto', 'llorar', 'tiempo', 'tal', 'cara', 'par', 'destruido', 'demócrata', 'afrenta', 'subir', 'claro', 'fujiburro', 'completo', 'comunista', 'contraste', 'tramposo', 'peluca', 'vergüenza', 'rodeado', 'favor', 'terruco', 'hombre', 'patria', 'terrorismo', 'facto', 'impedir', 'ministro', 'asesino', 'documental', 'marcha', 'recomendar', 'gobernar', 'nariz', 'dar', 'vacanciaspedrocastillo', 'merecer', 'medio', 'miserable', 'señora', 'bellidonovo', 'nieto', 'golpe', 'alguno', 'pasar', 'pedir', 'indignado', 'sino', 'guzmán', 'abimael', 'repudiar', 'voz', 'presidente', 'político', 'oposición', 'casa', 'blanco', 'ninguno', 'vacanciapresidencialya', 'sólo', 'lima', 'ignorante', 'democracia', 'xddd', 'hablar', 'decisión', 'legítimo', 'castillo', 'elegante', 'carrasco', 'pedro', 'peru', 'marrón', 'amaru', 'banda', 'mas', 'faltar', 'tupac', 'oposicion', 'electoral', 'chillono', 'terruquito', 'urna', 'pedrocastilloyafue', 'gobernado', 'dónde', 'fuerza', 'perulibrar', 'libre', 'avanzar', 'fujimori', 'aún', 'basura', 'posibilidad', 'pedido', 'salir', 'pedrocastilloincapaz', 'porky', 'confirmar', 'seguro', 'moral', 'mandatario', 'ineptitud', 'servir']"
5,ADRIANA TUDELA,"['chistoso', 'idea', 'tocayo', 'figurar', 'llegar', 'constructivo', 'colectivo', 'dictadura', 'nuevo', 'culpa', 'ritmo', 'volvir', 'aló', 'sumar', 'poder', 'tudela', 'vida', 'huevado', 'interés', 'sacártelo', 'guardar', 'designación', 'buen', 'foco', 'golpista', 'vacancia', 'perú', 'década', 'dba', 'destructivo', 'fuerte', 'clase', 'robado', 'pensar', 'defensa', 'incapacidad', 'papito', 'alberto', 'presidente', 'guido', 'adriana', 'izquierda', 'hija', 'personal', 'cambiar', 'gabinete', 'castillo', 'tomar', 'danza', 'respuesta…', 'api', 'moral.ante', 'bajo', 'concebir', 'tío', 'sirvienta', 'fácil', 'bellido', 'tweet', 'vacar', 'mirar', 'representar', 'tras', 'cualquiera', 'chino', 'fujimori', 'evidente', 'esconder', 'cateriano', 'cara', 'política', 'resto', 'bailar', 'claro', 'llamado', 'confirmar', 'intención', 'servir']"
6,ALARCÓN,"['arbitrar', 'comunicación', 'piura', 'naranja', 'alientadesdecaso', 'joao', 'mientras', 'aquí', 'sacar', 'villamarín', 'sismo', 'esperar', '11-9', 'narco', 'campo', 'gemelo', 'toledo', 'disculpa', 'ahora', 'patricia', 'humala', 'opción', 'desastre', 'símbolo', 'rio', 'jostin', 'marte', 'avisar', 'dar', 'caminar', 'nombre', 'lozanista', 'mvll', 'renuncia', 'proponer', 'medio', 'red', 'recordar', 'intentar', 'mrd', 'defender', 'golpe', 'frío', 'gritar', 'caracas', 'pedir', 'liga1betssonxgolperu', 'razón', 'escribir', 'alrededor', 'poquísimo', 'ohhh', 'lograr', 'decir', 'careta', 'objetivo', 'patrio', 'quedar', 'alarcón', 'retina', 'presidencial', 'frio', 'entero', 'felizmente', 'retirar', 'lugar', 'organización', 'facebook', 'despachar', 'feo', 'farc', 'democracia', 'tranquilidad', 'castillo', 'información', 'declaración', 'leer', 'pisotear', 'mes', 'venir', 'cosa', 'malparido', 'alianza', 'torre', 'ver', 'publicación', 'desfile', 'ingresar', 'alarcon', 'asistencia', 'alterar', 'avión', 'ser', 'cerrón', 'reunir', 'se-semana', 'criminal', 'ayayar', 'ambos', 'arma', 'periodista', 'demócrata', 'credibilidad', 'acudir', 'pésimo', 'árbitro', 'perder']"
7,ALDAIR,"['rodríguez', 'retirar', 'lugar', 'alientadesdecaso', 'lima', 'lago', 'concha', 'boy', 'aldair', 'campo', 'liga1betssonxgolperu', 'sport', 'matzudar', 'miguez', 'hernán', 'ahora', 'mora', 'once', 'ballón', 'inicial', 'rojo', 'alianza', 'portal', 'vía', 'mauricio', 'valenzuela', 'ingresar', 'barco']"
8,ALIANZA,"['arbitrar', 'mismo', 'uruguayo', 'favor', 'rodríguez', 'privecrew', 'concha', 'tres', 'cusco', 'mientras', 'alcanzado', 'nota', 'valer', 'hoy', 'sacar', 'tolerancia', 'bancada', 'remate', 'cnco', 'eddyskabeche', 'solución', 'terminar', 'final', 'audh', 'pablo', 'ninfomana', 'esperar', 'gonzalo', 'iván', 'colectivo', 'campo', 'mixto', 'acuerdo', 'funcionamiento', 'diana', 'ganar', 'jornada', 'criticar', 'lamentar', 'joelpimentel', 'hernán', 'ahora', 'unanimidad', 'recuperar', 'previsible', 'malo', 'sumar', 'fecha', 'emilio', 'poder', 'paso', 'álvarez', 'compañero', 'elsanticorazonyfuerza', 'momento', 'hacer', 'ávila', 'juan', 'liberar', 'dar', 'flojo', 'copadecampeón', 'caminar', 'betsson', 'ligafemenino', 'lozanista', 'horroroso', 'posición', 'empate', 'proponer', 'patricio', 'tambogrande', 'udh', 'ayacucho', 'medio', 'barco', 'crisanto', 'voto', 'lago', 'rival', 'difamar', 'entrenamiento', 'libertad', 'buen', 'distribución', 'jairo', 'seriir', 'pasar', 'demás', 'clarito', 'función', 'mano', 'aldair', 'chibola', 'consecutivo', 'camiseta', 'terrible', 'verde', 'lile', 'binacional', 'vivo', 'corazon', 'minuto', 'estadio', 'evaluar', 'liga1betssonxgolperu', 'moreno', 'sport', 'sentir', 'video', 'traidor', 'vacancia', 'gentear', 'anotación', 'sportboy', 'equipo', 'pensar', 'mora', 'fandom', 'mediocampo', 'evidencia', 'difícil', 'inicial', '10:30hrs', 'decir', 'central', 'darianrojasyjashlem', 'cómo', 'jugar', 'cantolao', 'olvidar', 'declarar', 'portal', 'psg', 'arriba', 'conde', 'segundo', 'permitir', 'puesta', 'manicero', 'quedar', 'liga1', 'cfc', 'kcamexico', 'solo', 'mauricio', 'blanco', 'alarcón', 'conparto', 'presente', 'durand', 'lastimosamente', 'marco', 'mejorar', '2-3', 'partido', 'falta', 'casi', 'rosado', 'plumón', '13:15hrs', 'lima', 'campana', 'pensamiento', 'mannucci', 'alguien', 'ballon', 'gente', 'misilera', 'dos', 'así', 'mal', 'presionar', 'cristal', 'san', 'respecto', 'después', 'cncowner', 'temporada', 'monte', 'miguez', 'derecho', 'elía', '13:00hrs', 'trujillo', 'declaración', 'sobrino', 'parecido', 'creer', 'ballón', 'once', 'dirigir', 'cohesionar', 'interior', 'golazo', 'foto', 'grande', 'tarjeta', 'defensor', 'aubert', 'martin', 'melgar', 'rojo', 'siempre', 'depilación', 'fallar', 'pase', 'skabeche', 'puesto', 'alianza', 'deber', 'universidad', 'grrr', 'diferente', 'querer', 'tradición', 'cancha', 'ver', '.saludos', 'rizzo', 'comunicado', 'atl', 'huaca', '0-0', 'jonathan', 'oliva', 'jugador', 'amar', 'insolito', 'empatar', 'alianza.saludo', 'bastar', '15:30hrs', 'escrito', 'generar', 'seguir', 'votar', 'necesitar', 'gol', 'boy', 'obligar', 'negro', 'keniao', 'ser', 'analizar', 'poner', '130', 'reunión', 'ayudar', 'liga', 'fase', 'ligafutprof', 'ataque', 'totalmente', 'maldito', 'sub', 'dónde', 'próximo', 'potenciar', 'verolovxr', 'hts', 'igual', 'arquero', 'blanquiazul', 'medir', 'ambos', 'expresar', 'feeling', 'desacuerdo', 'resto', 'morade', 'alianzalimo', 'sonqoliga1', 'porky', 'pintado', 'edson', 'diego', 'sportboysalianzanim', 'punto', 'isivive', 'temblor', 'car', '11:00hrs', 'cambio', 'joyce', 'diferencia', 'vía', 'directo', 'goleador', 'valenzuela', 'distinto', 'pésimo', 'azulgrana', 'quizás', '2021', 'volante', 'replanteo', 'busto', 'número', 'perder']"
9,ARLEY,"['oslimg', 'rodríguez', 'retirar', 'lugar', 'concha', 'alientadesdecaso', 'edgar', 'arley', 'dejar', 'sacar', 'jairo', 'final', 'corner', 'meter', 'liga1betssonxgolperu', 'benítez', 'pitar', 'ahora', 'mora', 'último', 'buscar', 'ingresar', 'barco']"
10,BALLON,"['partido', 'falta', 'generar', 'lago', 'lima', 'rodríguez', 'concha', 'necesitar', 'adelante', 'boy', 'hoy', 'ballon', 'pasar', 'gente', 'poner', 'ayudar', 'función', 'aldair', 'colectivo', 'quitar', 'velocidad', 'campo', 'así', 'presionar', 'potenciar', 'minuto', 'sport', 'ganar', 'matzudar', 'miguez', 'hernán', 'parecido', 'mora', 'ballón', 'once', 'cohesionar', 'interior', 'inicial', 'poder', 'contención', 'jugar', 'medio', 'hacer', 'fallar', 'pase', 'rojo', 'puesto', 'alianza', 'deber', 'nadie', 'diferente', 'portal', 'cancha', 'quedar', 'caminar', 'vía', 'solo', 'generación', 'oliva', 'valenzuela', 'linea', 'encima', 'posición', 'jugador', 'quizás', 'volante', 'barco', 'lastimosamente']"
11,BARCOS,"['mismo', 'rodríguez', 'alientadesdecaso', 'concha', 'hoy', 'sacar', 'enviar', 'campo', 'meter', 'mixto', 'ganar', 'lamentar', 'hernán', 'ahora', 'previsible', 'sumar', 'poder', 'hacer', 'liberar', 'caminar', 'empate', 'proponer', 'medio', 'barco', 'claridad', 'lago', 'rival', 'dejar', 'distribución', 'jairo', 'clarito', 'aldair', 'minuto', 'liga1betssonxgolperu', 'sport', 'primero', 'equipo', 'pensar', 'mora', 'inicial', 'saber', 'pronto', 'jugar', 'declarar', 'portal', 'permitir', 'quedar', 'culminar', 'solo', 'delantero', 'lastimosamente', 'mejorar', 'partido', 'lima', 'arley', 'córner', 'ballon', 'gente', 'dos', 'así', 'ocasión', 'presionar', 'después', 'miguez', 'trabajar', 'peleado', 'creer', 'once', 'ballón', 'interior', 'grande', 'cuba', 'camino', 'rojo', 'experiencia', 'alianza', 'deber', 'faltar', 'cancha', 'oliva', 'jugador', 'fabio', 'encontrar', 'hrs', 'generar', 'diesel', 'seguir', 'necesitar', 'boy', 'ser', 'tras', 'ayudar', 'ataque', 'acercar', 'gasolina', 'cabecear', 'par', 'claro', 'venezuela', 'punto', 'centro', 'vía', 'valenzuela', 'volante', 'perder']"
12,BELLIDO,"['mismo', 'piura', 'gustar', 'promover', 'funcionario', 'disfrutar', 'naranja', 'agosto', 'famoso', 'imparcial', 'solidaridad', 'solución', 'afín', 'compañía', 'deslizar', 'sheput', 'colectivo', 'cuento', 'inocente', 'congresista', 'nuevo', 'acuerdo', 'ocultar', 'fusible', 'ahora', 'semana', 'humo…', 'humala', 'nofaltar', 'detrás', 'ley', 'constituyente', 'noticiero', 'bermejo', 'poder', 'sosperu', 'francke', 'ceromeaculpa', 'juan', 'requisito', 'lamentable', 'despertar', 'senderismo', 'irse', 'referir', 'renuncia', 'vividor', 'reiterar', 'apología', 'nivel', 'chamba', 'recular', 'maner', 'porqué', 'voto', 'respetar', 'defender', 'designación', 'pendiente', 'aportar', 'maravi', 'estratégico', 'reflexivo', 'entonces', 'allí', 'caviar', 'consenso', 'clasismo', 'siguiente', 'sentir', 'primero', 'retiro', 'antojado', 'justificar', 'madre', 'jara', 'revivir', 'terrorista', 'prohibir', 'reglamento', 'reforma', 'lucha', 'nombramiento', 'través', 'desacreditar', 'pais', 'distracción', 'joder', 'guido', 'asumir', 'peor', 'tesorito', 'dinámico', 'pelele', 'nunca', 'impunidad', 'admitir', 'acciónpopular', 'año', 'continuar', 'cambiar', 'deberir', 'alguien', 'gabinete', 'así', 'vínculo', 'justicia', 'pataleta', 'cuestionable', 'creer', 'plan', 'sabotear', 'antonieta', 'bala', 'tío', 'chicha', 'richard', 'aconsejar', 'keiko', 'principio', 'darlar', 'siempre', 'deber', 'querer', 'nadie', 'desestabilización', 'ver', 'anticipeelvoto', 'significar', 'salida', 'jajajajajajaajajajajajajajaaj', 'heredia', 'acusación', 'integridad', 'generar', 'generado', 'interno', 'vacar', 'votar', 'cuzco', 'senderista', 'ser', 'cerrón', 'demanda', 'centímetro', 'chino', 'gil', 'paño', 'aqui', 'wtf', 'luminoso', 'bellidorenunciaya', 'expresar', 'anunciar', 'oír', 'doscientos', 'acreditado', 'postura', 'guillermo', 'centro', 'india', 'resistido', 'escuchar', 'reclamar', '-en', 'forma', 'ojala', 'etcétera', 'razonamiento', 'oficialista', 'ted', 'protestar', 'democrático', 'broma-', 'sobr', 'desginación', 'problema', 'crisis', 'escoger', 'elección', 'ugarte', 'calmar', 'culpa', 'prosor', 'solicitar', 'bancado', 'zanja', 'pretexto', 'consejo', 'sumar', 'probablemente', 'conocedor', 'economía', 'vida', 'valorar', 'además', 'hacer', 'reivindicado', 'pueblo', 'mil', 'ridículo', 'regional', 'corrupción', 'agrupación', 'líder', 'decepcionado', 'lago', 'parlamentario', 'borda', 'jorge', 'rata', 'esfuerzo', 'revolucion', 'aprender', 'vivo', 'tirar', 'rectificación', 'dba', 'dias.exministro', 'sesionar', 'ahh', 'títere', 'pasado', 'parecer', 'decir', 'elegir', 'ahí', 'tono', 'cuarto', 'llevar', 'corregir', 'confianza', 'solo', 'nombrar', 'entero', 'izquierda', 'ronda', 'máscara', 'apra', 'ministerial', 'opinar', 'peruano', 'verdad', 'sl…', 'gente', 'fujimorismo', 'tomar', 'respaldado', 'apelar', 'mal', 'lista', 'inicio', 'sudaca', 'vacanciapedrocastillo', 'hdmp', 'doble', 'declaración', 'rcsm', 'muerto', 'mejor', 'mes', 'cuba', 'acaso', 'derecha', 'bellido', 'cosa', 'frente', 'puesto', 'payaso', 'detener', 'maría', 'hora', 'hartar', 'gobierno', 'negociar', 'deslindar', 'cuestionar', 'entrevista', 'seguir', 'marido', 'impresentable', 'disyuntiva', 'destapar', 'mañana', 'filo', 'metelo', 'serio', 'indira', 'negarlar', 'bonito', 'reunir', 'progre', 'vez', 'tema', 'bajar', 'parar', 'montoya', 'cita', 'actitud', 'infeliz', 'importar', 'sendero', 'día', 'lio', 'tejer', 'asamblea', 'coalición', 'sector', 'provocar', 'haztar', 'rechazo', 'now', 'bien', 'distinto', 'considerar', 'nano', 'embajador', 'ceder', 'respaldo', 'hecho', 'simplemente', 'ayala', 'lamentablemente', 'asuntosjudiciales.partidos', 'sacar', 'hoy', 'bancada', 'idea', 'terminar', 'final', 'llegar', 'esperar', 'siempre…', 'podemar', 'premier', 'imbécil', 'ternuritar', 'dimitir', 'partida', 'criticar', 'total', 'suficiente', 'luchar', 'apostar', 'exclusivo', 'lado', 'tudela', 'señalar', 'thais', 'nombrado', 'económico', 'vitrina', 'camuflado', 'jefe', 'prensa', 'acción', 'politica', 'preso', 'censurable', 'evitar', 'empezar', 'anterior', 'dejar', 'mamando', 'buen', 'maita', 'largar', 'responsable', 'pecado', 'palabra', 'golpista', 'congreso', 'perú', 'vacancia', 'espacio', 'clase', 'tener', 'cargo', 'porsiaca', 'necio', 'titere', 'saber', 'motivo', 'alertalegislativo', 'visto', 'miércoles', 'felicitar', 'adriana', 'país', 'frio', 'falta', 'partido', 'trabajo', 'superar', 'marisa', 'cansar', 'despachar', 'odio', 'ayer', 'breve', 'impulsar', 'respaldar', 'presionar', 'dicho', 'heroico', 'terror', 'duro', 'después', 'necesario', 'cuestión', 'trabajar', 'según', 'pedrocastillo', 'botar', 'limpio', '100', 'caer', 'reto', 'electo', 'presión', 'desarrollo', 'venir', 'rojo', 'incio', 'tendencia', 'inconcluso', 'indicado', 'error', 'salina', 'talk', 'apoyar', 'negar', 'terrorismonuncama', 'impactar', 'sra', 'afuera', 'imposible', 'emerretista', 'alva', 'popular', 'apoyo', 'persona', 'pro', 'jugada', 'necesitar', 'sabio', 'reputación', 'tras', 'poner', 'contar', 'llorar', 'tiempo', 'mafia', 'pcm', 'maltrato', 'igual', 'tambien', 'tal', 'sugerir', 'privilegiado', 'política', 'reserva', 'reducir', 'ideológico', 'sifuente', 'gracias', 'demócrata', 'afrenta', 'fabricar', 'claro', 'buscar', 'cerron', 'dignidad', 'comunista', 'fregar', 'vanya', 'crítica', 'procedencia', 'ministerio', 'economia', 'vergüenza', 'y/o', 'perder', 'favor', 'ayuda', 'asi', 'terruco', 'leido', 'antidemocrático', 'hombre', 'tampoco', 'terrorismo', 'facto', 'liberal', 'ganar', 'filoterruco', 'ministro', 'recuperar', 'opción', 'cierto', 'vergar', 'marcha', 'support', 'socio', 'responsabilidad', 'suceder', 'gobernar', 'consultivo', 'huaycán', 'mafioso', 'proceso', 'dar', 'sorprender', 'nombre', 'investigación', 'aplicar', 'esquina', 'miserable', 'martes', 'comunismo', 'hígado', 'jajajajajajar', 'siglo', 'mrd', 'bellidonovo', 'constantemente', 'unir', 'golpe', 'varios', 'cartera', 'alguno', 'desempleo', 'desear', 'zona', 'arturo', 'pasar', 'demás', 'democratico', 'encabezar', 'políticamente', 'entrar', 'menos', 'vivir', 'conchazar', 'pedir', 'video', 'delito', 'dudoso', 'incremento', 'guzmán', 'ejercicio', 'abimael', 'recibir', 'repudiar', 'presidente', 'palacio', 'cómo', 'frankle', 'verte', 'reaccionar', 'tergiversado', 'casa', 'fujimorista', 'alarde', 'condena', 'quedar', 'marchar', 'perúlibrar', 'ejercer', 'junto', 'ajedrez', 'permanencia', 'lima', 'arce', 'mana', 'recién', 'someter', 'hablar', 'decisión', 'castillo', 'únicamente', 'internet', 'pedro', 'temor', 'todavía', 'calle', 'peru', 'neoliberal', 'cambiado', 'renunciar', 'amaru', 'quizá', 'fila', 'conferencia', 'maduro', 'pelo', 'mas', 'edith', 'tupac', 'públicamente', 'santo', 'radical', 'compadre', 'intachable', 'público', 'dispuesto', 'destruir', 'obra', 'vuelta', 'puerta', 'imposición', 'xconstitucion', 'dónde', 'fuerza', 'cuestionamiento', 'simpatizante', 'libre', 'fujimori', 'arremeter', 'inevitable', 'especial', 'aún', 'legal', 'capitán', 'eticamente', 'posibilidad', 'maestro', 'salir', 'sufrir', 'venezuela', 'creación', 'nadine', 'cometer', 'confirmar', 'cambio', 'siiiiiiiii', 'moral', 'ollanta', 'hildebrandt', 'cariñito', 'juramento', 'comenzar', 'diálogo', 'aceptar', 'fin', 'dialogar', 'durar', 'aboga', 'servir']"
13,BENÍTEZ,"['priorizar', 'pobre', 'partido', 'intentar', 'oslimg', 'lago', 'retirar', 'alientadesdecaso', 'concha', 'lugar', 'rodríguez', 'edgar', 'aportar', 'gol', 'necesitar', 'arley', 'buen', 'busto', 'regalar', 'tras', 'remate', 'distancia', 'jairo', 'poner', 'grito', 'édgar', 'menos', 'ocasión', 'mal', 'avanzar', 'minuto', 'liga1betssonxgolperu', 'nuevo', 'benítez', 'primero', 'oswaldo', 'volver', 'pájaro', 'ahora', 'equipo', 'tener', 'mora', 'defensivo', 'marca', 'poder', 'apenas', 'traer', 'fútbol', 'desviado', 'diferencia', 'generación', 'cerca', 'bien', 'valenzuela', 'ingresar', 'largo', 'pressing', 'forma']"
14,BERNARDO CUESTA,"['favor', 'alientadesdecaso', 'tres', 'cristian', 'celebrar', 'tiro', 'hoy', 'remate', 'terminar', 'figurar', 'bernardo', 'marlon', 'travesaño', 'balón', 'ganado', '0-2', 'miguel', 'deportivo', 'ritmo', 'arequipeño', 'ahora', 'atajada', 'clarísimo', 'liquido', 'bordacahar', 'despeje', 'tarde', 'último', 'fecha', 'listo', 'compañero', 'luego', 'movimiento', 'bernardocuesta', 'perfilar', 'hacer', 'zurda', 'raúl', 'sellar', 'preciso', 'duelo', 'juliaca', 'área', 'cuadro', 'ruptura', 'dejar', 'hat-trick', 'alguno', 'pasar', 'marcar', 'clave', 'parcial', 'binacional', 'minuto', 'estadio', 'liga1betssonxgolperu', 'primero', 'proteger', 'religión', 'demostrar', 'equipo', 'tener', 'grau', 'golear', 'manera', 'alma', 'recibir', 'palo', 'rápido', 'arequipa', 'arriba', 'cuarto', 'segundo', '5-1', 'estatua', 'referencia', 'construir', 'solo', 'arco', 'delantero', 'ampliar', 'alucinante', 'capacidad', 'ventaja', 'personal', 'penal', 'medirlo', 'quinto', 'borde', 'regate', 'ocasión', 'así', 'callao', 'chocar', '2-0', 'aparecer', 'fernández', 'dep', 'golero', '100', 'melgar', 'darlar', 'potente', 'frente', 'fbcm', 'gran', 'fbc', 'estrella', 'finalizar', 'largo', 'fabio', 'encontrar', 'imposible', 'rojinegro', 'generar', 'triunfo', 'gol', 'pereyra', 'ser', 'tras', 'costar', 'poner', 'inteligente', 'fase', 'contar', 'tiempo', 'rematar', 'vez', 'suelo', 'tercero', 'recoger', 'anotar', 'baja', 'clasificación', 'magnífico', 'imparable', 'completado', 'disparar', '1-5', 'sonqoliga1', 'jesús', 'futbolperuano', 'completo', '90+4', '0-4', 'bien', 'felicidad', 'superioridad', 'volver']"
15,BINACIONAL,"['candidato', 'alientadesdecaso', 'cristian', 'cusco', 'bernardo', 'marlon', 'dominar', 'balón', 'ganado', 'aplastar', 'miguel', 'nuevo', 'deportivo', 'goleado', 'arequipeño', 'ahora', 'bordacahar', 'despeje', 'sumar', 'fecha', 'compañero', 'hacer', 'descuento', 'copadecampeón', 'ligafemenino', 'udh', 'ayacucho', 'líder', 'duelo', 'rival', 'hat-trick', 'pasar', 'clave', 'lile', 'consecutivo', 'binacional', 'echar', 'liga1betssonxgolperu', 'torneo', 'único', 'césar', 'equipo', 'grau', 'restar', '10:30hrs', 'jugar', 'marlondejesus', 'psg', 'liga1', '5-1', 'delantero', '13:15hrs', '1-4', 'partido', 'mannucci', 'regate', 'dos', 'cristal', 'san', 'temporada', 'peru', '13:00hrs', 'trujillo', 'dep', '100', 'martin', 'melgar', 'luz', 'adiós', 'alianza', 'fbcm', 'fbc', 'atl', 'largo', 'mimbela', 'fabio', 'sudamericana', 'asistencia', 'rojinegro', '15:30hrs', 'generar', 'jugada', 'gol', 'concreto', 'boy', 'pereyra', 'costar', 'vallejo', 'poner', 'liga', 'fase', 'suelo', 'bajar', 'toooooodo', 'marca', 'completado', '1-5', 'sonqoliga1', 'jesús', 'futbolperuano', '90+4', '11:00hrs', 'fundido', 'argentino', 'copa']"
16,BREÑA,"['mientras', 'valer', 'tolerar', 'agradable', 'pestilencia', 'llegar', 'hectárea', 'colectivo', 'aliado', 'cuento', 'congresista', 'culpa', 'criticar', 'ganar', 'seguidor', 'familia', 'emanar', 'alquilir', 'registrado', 'breña', 'inconcebible', 'poder', 'momento', 'gobernar', 'vida', 'hacer', 'cierre', 'unidaddefuerzaticas', 'pueblo', 'veyar', 'mil', 'chacra', 'policia', 'afectar', 'señora', 'registro', 'miserable', 'ojo', 'recordar', 'intentar', 'museo', 'pendiente', 'empezar', 'pasar', 'rata', 'allí', 'vecino', 'largar', 'entrar', 'menos', 'vivir', 'podrido', 'bravo', 'vacancia', 'pedelar', 'perú', 'tócale', 'escondido', 'títere', 'fujinfeliz', 'alrededor', 'saber', 'repudiar', 'decir', 'presidente', 'palacio', 'casa', 'aun', 'willax', 'segundo', 'quedar', 'sierra', 'guerra', 'realidad', 'solo', 'quién', 'vacanciapresidencialya', 'país', 'tratar', 'mandar', 'telo', 'sitio', 'despachar', 'debido', 'ayer', 'embargo', 'tranquilidad', 'hablar', 'librar', 'mierd', 'castillo', 'compartir', 'visita', 'aunque', 'pedro', 'temor', 'dirección', 'decidir', 'derecho', 'hueste', 'berenjena', 'creer', 'campaña', 'caer', 'propio', 'chileno', 'artífiz', 'mejor', 'huir', 'grande', 'atracar', 'familiar', 'cerrado', 'maduro', 'congestionado', 'venir', 'salitaenlascalles', 'nadie', 'torre', 'ver', 'andar', 'chota', 'ingresar', 'encima', 'encontrar', 'encerrado', 'cuándo', 'importante', 'seguir', 'forzar', 'genio', 'fujimontesinista', 'cerrón', 'margen', 'tagle', 'puerta', 'ligero', 'incómodo', 'verdadero', 'proclamado', 'caseta', 'presencia', 'privacidad', 'negocio', 'parte', 'anunciar', 'salir', 'reunido', 'ilegítimo', 'día', 'cerron', 'exponer', 'confirmar', 'vigilante', 'profesor', 'corregir', 'perder']"
17,BUSTOS,"['alientadesdecaso', 'concha', 'hoy', 'sacar', 'regalar', 'solución', 'previo', 'funcionamiento', 'benítez', 'ganar', 'pájaro', 'ahora', 'malo', 'fecha', 'poder', 'álvarez', 'hacer', 'dar', 'desiquilibrante', 'duelo', 'rival', 'aportar', 'buen', 'pasar', 'menos', 'evaluar', 'minuto', 'liga1betssonxgolperu', 'matzudar', 'equipo', 'difícil', 'rosa', 'jugar', 'ahí', 'solo', 'mejorar', 'partido', 'gustavo', 'mostrar', 'así', 'mal', 'inicio', 'respecto', 'creer', 'mejor', 'cotejo', 'siempre', 'alianza', 'deber', 'querer', 'entrenador', 'universidad', 'ver', 'respectivamente', 'tiempoextrar', 'jugador', 'tranquilo', 'santo', 'encontrar', 'enfrentar', 'ser', 'analizar', 'poner', 'ataque', 'fase', 'probar', 'entender', 'tiempo', 'igual', 'tercero', 'jugado', 'marca', 'pínto', 'buscar', 'car', 'cambio', 'diferencia', 'titular', 'generación', 'bien', 'distinto', 'profesor', 'considerar', 'replanteo', 'busto', 'forma']"
18,CACHITO,"['cachito', 'cachoso']"
19,CAMPO DE MARTE,"['recortar', 'naranja', 'defender', 'cabeza', 'sanitario', 'firmar', 'internacional', 'alterar', 'mientras', 'aquí', 'informar', 'agosto', 'hoy', 'libertad', 'ayer', 'democracia', 'peruano', 'tranquilidad', 'patria', 'terrorismo', 'reunir', 'jurar', 'gritar', 'esperar', 'fuerza', 'campo', 'dictador', 'pedir', 'macron', 'primero', 'perú', '1ro', 'región', 'alrededor', '3pm', 'poquísimo', 'marcha', 'organizado', 'luego', 'marte', 'sii', 'caminar', 'urgente', 'multitud', 'jurooo', 'terrorismonuncama', 'cúpula', 'gobierno', 'medio', 'francia', 'digno']"
20,CAN'T WAIT TO FIGHT,"['gato', 'jaja', 'asi', 'tres', 'amoooo', 'demasiado', 'hoy', 'versión', 'idea', 'com', 'esperar', 'sala', 'ciertoooo', 'espwraar', 'emocionar', 'holar', 'cielo', 'haber', 'the', 'album', 'moaaaassssss', 'blue', 'hacer', 'dar', 'despertar', 'concept', 'force', 'concep', 'hashtag', 'royal', 'hueningkai', 'avsgsvzbdfbd', 'dejar', 'buen', 'run', 'trauma', 'went', 'skater', 'maaaass', 'minuto', 'ahshabd', 'levantandose', 'primero', 'perú', 'ambulancia', 'pcs', 'omggggghhhhdjcfjbukk', 'ansioso', 'away', 'saber', 'oso', 'bulla', 'paro', 'txt', 'llevar', '010821', 'sk8', 'comprar', 'lanzamiento', 'falta', 'entero', 'you', 'toque', 'asgavvdbsbd', 'gente', 'desmayado', 'ritual', 'just', 'how', 'min', 'comoq', 'conocer', 'moaaaa', 'vlive', 'beomgyu', 'después', 'ruqyrowjdiw', 'normal', 'was', 'funcionar', 'beom', 'born', 'twitter', 'guys', 'foto', 'utilizar', 'interaccion', 'mundo', 'hour', 'minnnnn', 'puesto', 'tendencia', 'sticker', 'ver', 'respectivamente', 'calzonsillo', 'soobin', 'silencio', 'amar', 'skate', 'jajaja', 'mirar', 'concepto', 'recien', 'fight', 'cualquiera', 'matenmar', 'llamar', 'imaginar', 'brillito', 'asimilar', 'llorar', 'everlasting', 'enrealidad', 'dio', 'can', 'avanzaar', 'fight_or_escape', 'wait', 'ahdhsjjf', 'choi', 'info', 'from', 'peluche', 'shine', 'asiiii', 'weverse', 'have', 'trigre', 'mierfa', 'mio', 'seguro', 'link', 'bien', 'broke', 'temprano', 'fightorescape_fightphoto', 'ready', 'perder']"
21,CERRON,"['mismo', 'cabeza', 'sobrestimar', 'pesar', 'solución', 'sinvergüenza', 'compañía', 'influencia', 'agradecer', 'colectivo', 'aliado', 'congresista', 'acuerdo', 'presa', 'disculpa', 'ahora', 'rodilla', 'semana', 'ley', 'haber', 'bermejo', 'estudioso', 'poder', 'transparencia', 'francke', 'momento', 'peruanito', 'unidaddefuerzaticas', 'elegido', 'clan', 'ojo', 'voto', 'respetar', 'capitular', 'defender', 'situación', 'caviar', 'exactamente', 'judicial', 's/.376.930', 'primero', 'oportunidad', 'pacto', 'dividir', 'reciente', 'efecto', 'formar', 'madre', 'terrorista', 'cantinflado', 'reglamento', 'ejecutar', 'lucha', 'sentado', 'segundo', 'través', 'desacreditar', 'arrogancia', 'daño', 'asumir', 'eje', 'peor', 'dinámico', 'escenario', 'nunca', 'admitir', 'felizmente', 'lugar', 'año', 'mantener', 'cambiar', 'deberir', 'sincero', 'gabinete', 'patriota', 'jamás', '+0.48', 'bienestar', 'así', 'ideología', 'mare', 'exigencia', 'creer', 'plan', 'cometelar', 'campaña', 'dirigir', 'leer', 'propio', 'tío', 'aconsejar', 'km2', 'keiko', 'cagado', 'siempre', 'innegable', 'querer', 'nadie', 'deber', 'comechado', 'gran', '2006', 'ovario', 'ver', 'fortalecer', 'cerronnuncama', 'antipatriota', 'pernicioso', 'contener', 'perjudicar', 'integridad', 'generar', 'cuándo', 'votar', 'vacar', 'reacción', 'ser', 'desligar', 'pnp', 'cerrón', 'llamar', 'chupalapiz', 'revelar', 'dirigente', 'pandemia', 'spr', 'luminoso', 'bellidorenunciaya', 'inversión', 'negocio', 'malgastar', 'udo', 'oír', 'verónico', 'irresponsable', 'centro', 'carácter', 'escuchar', 'mio', 'delincuente', 'imponer', 'congelar', 'volver', 'etcétera', 'innombrable', 'agenda', 'vendido', 'crisis', 'estupidez', 'amigo', 'meter', 'nacionalista', 'crjo', 'interesar', 'mérito', 'cumplir', 'excusa', 'chuli', 'sobonerio', 'gas', 'sanguijuela', 'hacer', 'valorar', 'supuestamente', 'xuxa', 'incluso', 'pueblo', 'mil', 'exgobernador', 'regional', 'imbecil', 'corrupción', 'pinta', 'líder', '.............', 'cabo', 'señor', 'mos', 'intentar', 'coto', 'sentenciar', 'rata', 'esfuerzo', 'causado', 'ideario', 'mercantilista', 'denmar', 'vivo', 'rectificación', 'marginal', 'dias.exministro', 'médico', 'allá', 'ahh', 'títere', 'don', 'pasillo', 'pasado', 'pensar', 'parecer', 'injerencia', 'decir', 'reinvertir', 'careta', 'ahí', 'objetivo', 'acusar', 'llevar', 'estrategia', 'circo', 'confianza', 'solo', 'indignación', 'sentencia', 'presente', 'tormenta', 'tremendoo', 'izquierda', 'retirar', 'mediocre', 'ocasionar', 'verdad', 'ejecutivo', 'opinar', 'peruano', 'mierda', 'gente', 'respeto', 'fujimorismo', 'luna', 'loco', 'tomar', 'enemigo', 'visita', 'dos', 'respaldado', 'apelar', 'pichi', 'lista', 'constante', 'vacanciapedrocastillo', 'hdmp', 'doble', 'original', 'mes', 'renegociar', 'cosa', 'bellido', 'derecha', 'payaso', 'puesto', 'frente', 'diferente', 'desgracia', 'hora', 'gobierno', 'deslindar', 'gob', 'uif', 'chikar', 'seguir', 'mirar', 'utilidad', 'notar', 'indira', 'reunir', 'progre', 'candidata', 'dirigiendotar', 'entender', 'vez', 'jurado', 'regresar', 'cállate', 'infeliz', 'importar', 'desencadenante', 'sendero', 'parte', 'cuanto', 'día', 'protegido', 'contexto', 'viejo', 'sector', 'mayoría', 'bien', 'distinto', 'asno', 'nano', 'machista', 'hecho', 'república', 'candidato', 'tres', 'lamentablemente', 'garantizar', 'bbva', 'asuntosjudiciales.partidos', 'sacar', 'subestimar', 'hoy', 'denegacion', 'bancada', 'transplante', 'idea', 'terminar', 'llegar', 'aprista', 'esperar', 'siempre…', 'arrastrar', 'premier', 'imbécil', 'dejatir', 'espalda', 'criticar', 'total', 'responder', 'lado', 'irresponsabilidad', 'avisar', 'económico', 'adecuado', 'denunciar', 'homofobico', 'incompetente', 'jefe', 'prensa', 'vladimir', 'indignar', 'preso', 'politica', 'evitar', 'honorable', 'empezar', 'castlo', 'dejar', 'anterior', 'mamando', 'buen', 'colocado', '.....', 'deshacer', 'jajajajajajajar', 'palabra', 'denuncia', 'vacancia', 'perú', 'proteger', 'congreso', '=cerrón', 'demostrar', 'tener', 'cargo', 'titere', 'materializar', 'saber', 'lograr', 'plata', 'desahuevo', 'corrupto', 'cerrón-castillo', 'miércoles', 'quién', 'jajajaa', 'perdón', 'país', 'huevar', 'pdte', 'partido', 'yehude', 'romper', 'trabajo', 'contrario', 'despachar', 'ayer', 'bestia', 'librar', 'privado', 'dicho', 'improvisar', 'después', 'chola', 'cuestión', 'trabajar', 'limpio', '100', 'fácil', 'camino', 'determinar', 'invertir', 'vladi', 'error', 'apoyar', 'puño', 'nabucodonosor', 'show', '......', 'afuera', 'encontrar', 'siquiera', 'persona', 'representar', 'necesitar', 'sabio', 'presentar', 'retrasado', 'amplificado', 'cualquiera', 'progresista', 'poner', 'exacto', 'contar', 'llorar', 'deslinde', 'asco', 'verdadero', 'tal', 'igual', 'política', 'reserva', 'castle', 'gracias', 'reducir', 'demócrata', 'claro', 'andino', 'cerron', 'diciembre', 'comunista', 'ministerio', 'cúpula', '000', 'economia', 'y/o', 'favor', 'nota', 'tio', 'terruco', 'lavar', 'hombre', 'olvido', 'cero', 'tampoco', 'terrorismo', 'diablo', 'oponer', 'dictador', 'inmundicia', 'ganar', 'idiota', 'filoterruco', 'ministro', 'opción', 'breña', 'tipo', 'vergar', 'marcha', 'hacia', 'flor', 'socio', 'responsabilidad', 'gobernar', 'formal', 'consultivo', 'caída', 'operación', 'veyar', 'alejar', 'dar', 'lesbiano', 'cárcel', 'sorprender', 'lógico', 'lejía', 'tomado', 'merecer', 'medio', 'señora', 'comunismo', 'camarada', 'jajajaja', 'pertenecer', 'incertidumbre', 'posible', 'unir', 'popularidad', 'expectoralo', 'golpe', 'desempleo', 'desear', 'pasar', 'mano', 'entrar', 'menos', 'vivir', 'minuto', 'pedir', 'bravo', 'certeza', 'ciudadanía', 'pena', 'indignado', 'parásito', 'pinturitar', 'manera', 'recibir', 'alberto', 'voz', 'jajajaj', 'presidente', 'palacio', 'cómo', 'limpieza', 'dinastia', 'frankle', 'casa', '1ra', 'cagar', 'fujimorista', 'trasladar', 'bastante', 'quedar', 'endiosar', 'cuyo', 'diferenciar', 'ninguno', 'imagen', 'porq', 'vacanciapresidencialya', 'mandar', 'capacidad', 'priorizar', 'sólo', 'misoginia', 'ignorante', 'mana', 'recién', 'democracia', 'ahorro', 'hablar', 'decisión', 'oponente', 'castillo', 'movadech', 'pedro', 'decidir', 'conseguir', 'aparecer', 'banda', 'bolivia', 'patrón', 'maduro', 'formular', 'arranchar', 'mas', 'caballazo', 'corazón', 'misogino', 'difunde', 'radical', 'autogol', 'coherente', 'homofobia', 'público', 'vacado', 'destruir', 'lesivo', 'narrativa', 'vuelta', 'actividad', 'bruto', 'imposición', 'xconstitucion', 'totalmente', 'atento', 'perulibrar', 'calzón', 'libre', 'fujimori', 'aún', 'fujimorinuncama', 'basura', 'presencia', 'maestro', '376', 'salir', 'llamado', 'promesa', 'sometido', 'confirmar', 'ofrecer', 'moral', 'cariñito', 'vía', 'rctm', 'pésimo', 'aceptar', 'juego', 'exploración', 'devaluar', 'durar', 'sandez']"
22,CHIMBOTE,"['tbnto', 'arribaalianza', 'chimbote', 'noah', 'alaaar', 'sentir', 'jakakja', 'hijo', 'hoy', 'liga1betssonxgolperu', 'ganar', 'vente', 'allá', 'mrda', 'saludar']"
23,DANIEL DHERS,"['planificar', 'espn', 'ilusionar', 'trabajo', 'talento', 'olympic', 'europa', 'odontología', 'valer', 'hoy', 'alguno', 'atleta', 'ser', 'oro', 'patria', 'traídor', 'narco', 'dio', 'libre', 'perteneciente', 'silver', 'world', 'vender', 'sucio', 'bmxfreestyle', 'gracias', 'dhers', 'insistir', 'tokyo2020', 'tierra', 'muerto', 'esperanza', 'lograr', 'grande', 'día', 'plata', 'eeuu', 'venezuela', 'hacer', 'vida', 'lucha', 'querer', 'comunista', 'dasaparecerlo', 'ver', 'preparar', 'solo', 'chicle', 'lejano', 'daniel', 'amar', 'nombrar', 'volver', 'mejorar']"
24,DESPACHO PRESIDENCIAL,"['hecho', 'gato', 'comunicación', 'candidato', 'etcétera', 'mientras', 'terruco', 'sacar', 'mao', 'elección', 'ganado', 'proclamar', 'total', 'cumplir', 'funcional', 'guidobellido', 'ahora', 'registrado', 'ley', 'bermejo', 'transparencia', 'luego', 'hacer', 'organizativo', 'imitación', 'despachopresidencial', 'labor', 'dar', 'literal', 'adecuado', 'sorprender', 'chacra', 'firma', 'vecindario', 'medio', 'sujetarse', 'registro', 'ojo', 'señor', 'andarlar', 'avizorar', 'cinco', 'función', 'menos', 'denunciado', 'tirar', 'despacho', 'retornar', 'acto', 'único', 'chuponeo', 'sino', 'alrededor', 'saber', 'recibir', 'lope', 'presidente', 'palacio', 'iniciar', 'traslado', 'sujeto', 'construir', 'inmediato', 'prevacancia', 'solo', 'quién', 'perúlibrar', 'guillermobermejo', 'presidencial', 'falta', 'dinámico', 'lugar', 'juntario', 'despachar', 'pie', 'estructura', 'tranquilidad', 'control', 'castillo', 'visita', 'así', 'pedro', 'audio', 'decidir', 'pedrocastillo', 'creer', 'invitar', 'monumento', 'keiko', 'determinar', 'cuánto', 'querer', 'deber', 'acondicionar', 'gobierno', 'barrio', 'sede', 'debidamente', 'editado', 'normado', 'senderista', 'ser', 'corresponder', 'libro', 'absoluto', 'alli', 'entender', 'honesto', 'constitucional', 'esconder', 'basura', 'carnecitar', 'surrar', 'negocio', 'pedido', 'lenin', 'buscar', 'día', 'dañario', 'centro', 'palaciodegobierno', 'comunista', 'seguro', 'rechazar', 'fin']"
25,EL APRA,"['aquí', 'sheput', 'elección', 'premier', 'amiga', 'acuerdo', 'congresal', 'recurrente', 'ladrón', 'foro', 'ley', 'marcha', 'paso', 'vida', 'sobrar', 'además', 'mafioso', 'hacer', 'juan', 'convergir', 'terruko', 'vividor', 'recordar', 'diezmado', 'respetar', 'bellidonovo', 'autoridad', 'buen', 'jorge', 'demás', 'rata', 'encabezar', 'caviarono', 'entrar', 'menos', 'vivo', 'mrta', 'video', 'aflojar', 'borrego', 'fugitivo', 'ladrona', 'despistar', 'paulo', 'parecer', 'repudiar', 'decir', 'ortiz', 'ahí', 'fujimorista', 'ratero', 'narcoterrorista', 'solo', 'sentencia', 'país', 'compar', 'presidencial', 'partido', 'dinámico', 'nunca', 'izquierda', 'decente', 'morir', 'apra', 'desaparecer', 'lacra', 'hablar', 'gabinete', 'gestión', 'castillo', 'así', 'san', 'pober', 'taper', 'peru', 'forma', 'alanismo', 'repetir', 'damar', 'alan', 'aprismo', 'calladito', 'siempre', 'bellido', 'garcir', 'frente', 'deber', 'tamal', 'ver', 'puta', 'fanático', 'jajajajajajaajajajajajajajaaj', 'beto', 'seguir', 'fundar', 'fraude', 'carla', 'fujimotista', 'demanda', 'poto', 'política', 'bellidorenunciaya', 'sobón', 'sendero', 'ovacionar', '1988', 'demócrata', 'cambio', 'esque', 'volver', 'servir']"
26,FRANCKE,"['mismo', 'gustar', 'promover', 'mariateguista', 'cómplice', 'demasiado', 'dere', 'sinvergüenza', 'solución', 'afín', 'excluido', 'deslizar', 'menopausia', 'sheput', 'jurar', 'aliado', 'pedrofranckar', 'naaaar', 'nuevo', 'bolsillo', 'fundamental', 'alistar', 'pulpín', 'ahora', 'semana', 'armado', 'porquería', 'bermejo', 'poder', 'videocolumnista', 'francke', 'toribio', 'nacer', 'católico', 'momento', 'alentar', 'peruanito', 'contundente', 'juan', 'alita', 'acceso', 'senderismo', 'identificar', 'referir', 'apología', 'sálvar', 'moderado', 'respetar', 'defender', 'expectorado', 'museo', 'pari', 'alegrar', 'entonces', 'patada', 'caviar', 'consenso', 'clasismo', 'ministeriodeeconomía', 'primero', 'oportunidad', 'razón', 'chupapinga', 'voltear', 'círculo', 'ciego', '1/11', 'revivir', 'terrorista', 'jara', 'pronto', 'olvidar', 'ingenuo', 'nombramiento', 'antifujimorito', 'rastrero', 'promoción', 'joder', 'guido', 'vacunación', 'asumir', 'hegemónico', 'peor', 'corruptamente', 'pobre', 'separar', 'nunca', 'admitir', 'banco', 'año', 'toque', 'continuar', 'cambiar', 'embargo', 'tranquilidad', 'miga', 'pedri', 'gabinete', 'inversionista', 'organismo', 'militante', 'just', '300.000', 'jamás', 'así', 'misógino', 'massive', 'devaluado', 'seguridad', 'ambición', 'creer', 'arrodillar', 'factual', 'campaña', 'plan', 'antonieta', 'leer', 'dirigir', 'blanquito', 'principio', 'siempre', 'darlar', 'querer', 'deber', 'torre', 'gran', 'ver', 'ráfaga', 'equivocado', 'discurso', 'susel', 'integridad', 'equivocar', 'jajaja', 'percibir', 'informar', 'urgencia', 'borrar', 'ser', 'preocupar', 'cerrón', 'dolar', 'inteligente', 'revelar', 'mensaje', 'título', 'paño', 'spr', 'luminoso', 'expresar', 'inversión', 'mercado', 'udo', 'ostentar', 'feliz', 'critica', 'centro', 'lagartija', 'institución', 'vigilante', 'reclamar', 'declive', 'topiltzin', 'ppc', 'milei', 'participación', 'ala', 'apologista', 'anticorrupto', 'etcétera', 'though', 'universal', 'izquierdista', 'declinar', 'problema', 'milímetro', 'vocación', 'escoger', 'bcr', 'dedo', 'amigo', 'calmar', 'crjo', 'funcionamiento', 'mérito', 'establecer', 'chiste', 'sobonerio', 'digital', 'fíjar', 'paso', 'huevon', 'meme', 'rendir', 'gas', 'economía', 'ademas', 'hacer', 'valorar', 'además', 'pueblo', 'importado', 'mil', 'asumetuvoto', 'humano', 'regional', 'imbecil', 'unificado', 'fracasar', 'evidenciar', 'señor', 'intentar', 'moradicto', 'lago', 'iluso', 'excelentísimo', 'libertad', 'empleo', 'cevallo', 'orientación', 'esfuerzo', 'bien.usted', 'aprender', 'sexual', 'mñn', 'rectificación', 'callado', 'arriesgar', 'dba', 'mentir', 'boca', 'único', 'enmienda', 'pensar', 'parecer', 'decir', 'extremo', 'elegir', 'perjudicado', 'ahí', 'lentejero', 'mermelada', 'llevar', 'confianza', 'solo', 'nombrar', 'chofer', 'jajaj', 'tratar', 'antiterrorista', 'reactivar', 'entero', 'ojalá', 'izquierda', '.parece', 'mediocre', 'kongrezoo', 'morir', 'preparado', 'lunes', 'peruano', 'ejecutivo', 'desaparecer', 'gente', 'respeto', 'fujimorismo', 'tía', 'loco', 'pusilanime', '6/11', 'cubrir', 'respaldado', 'dos', 'apelar', 'perruñar', 'inicio', 'normal', 'letra', 'escondidas', 'doble', 'copamiento', 'obligatorio', '9/11', 'capital', 'mejor', 'mes', 'vulnerable', 'cosa', 'bellido', 'experiencia', 'payaso', 'reflejar', 'maría', 'diferente', 'doctor', 'desgracia', 'chota', 'cada', 'gobierno', 'dentro', 'juramentar', 'entrevista', 'quemado', 'seguir', 'angurria', 'impresentable', 'about', 'bomba', 'homenaje', 'atraque', 'pequeño', 'indira', 'enfermería', 'salud', 'reunir', 'resultar', 'dirigiendotar', 'añito', 'vez', 'bajar', '120', 'montoya', 'antecedente', 'sendero', 'falto', 'perlita', 'luiscastilla', 'pez', 'día', '7/11', 'rey', 'escoria', 'coalición', 'alivio', 'sector', 'asumetucagado', 'bombero', 'bien', 'valenzuela', 'mega', 'confiar', 'quizás', 'embajador', 'república', 'ayala', 'lamentablemente', 'anibal', 'hoy', 'sacar', 'estallar', 'temeroso', 'llegar', 'esperar', 'premier', 'fumárnoslo', 'castilla', 'investigado', 'querido', 'toledo', 'guidobellido', 'suficiente', 'luchar', 'resarcir', 'asustado', 'pánico', 'necesidad', 'nacionalidad', 'alto', 'tudela', 'zurdo', 'señalar', 'zapatón', 'nombrado', 'económico', 'práctico', 'denunciar', 'pecar', 'limeño', 'policia', 'jefe', 'director', 'acción', 'indignar', 'recordar', 'devolver', 'empezar', 'dejar', 'cómodo', 'bejar', 'buen', 'profesional', '.....', 'largar', 'turno', 'gritar', 'responsable', 'fajín', 'palabra', 'huella', 'atacar', 'obvio', 'jodido', 'andrés', 'congreso', 'perú', 'alumno', 'vacancia', 'hilo', 'tener', 'cargo', 'empeñar', 'ajeno', 'sol', 'saber', 'pum', 'plata', 'mover', 'traer', '\u2066la', 'lograr', 'permitir', 'natal', 'felicitar', 'durand', 'país', 'frio', 'partido', 'temer', 'trabajo', 'incendio', 'contrario', 'dólar', 'dinero', 'odio', 'ayer', 'minimizar', 'one', 'breve', 'impulsar', 'magallar', 'víctima', 'contacto', 'roberto', 'meterlar', 'privado', 'vacunar', 'dicho', 'favorito', 'terror', 'después', 'manejado', 'necesario', 'trabajar', 'rezar', 'según', 'botar', 'limpio', 'caer', 'interior', 'twitter', 'esperanza', 'ahorita', 'existir', 'lemur', 'venir', 'rojo', 'indeseable', 'liderado', 'bicentenarioperu', 'incio', 'social', 'bobalicón', 'error', 'apoyar', 'arrastrado', 'negar', 'terrorismonuncama', 'ballvé', 'crecer', 'sra', 'discriminado', 'censurar', 'encontrar', 'imposible', 'alva', 'apoyo', 'importante', 'sociald', 'pro', 'propiedad', 'persona', 'necesitar', 'calmado', 'adelante', 'línea', 'reputación', 'asumetuvotoidiota', 'cualquiera', 'mundial', 'tras', 'dandolar', 'democratización', 'poner', 'villanueva', 'contar', 'llorar', 'abierto', 'deslinde', 'tiempo', 'cercano', 'maltrato', 'valorizado', 'tal', 'igual', 'puro', 'baja', 'política', 'gracias', 'wayka', 'demócrata', 'claro', 'subir', 'frugal', 'cerron', 'dignidad', 'comunista', 'poderoso', 'lectura', 'economia', 'ministerio', 'vergüenza', 'pérdida', 'rodeado', 'intención', 'perder', 'ayuda', 'visión', 'valer', 'terruco', 'colocar', 'federado', 'hombre', 'terrorismo', 'asesor', 'modelo', 'diablo', 'facto', 'derrumbar', 'liberal', 'carro', 'foncode', 'lapicito', 'filoterruco', 'ministro', 'documento', 'recuperar', 'tipo', 'racismo', 'cierto', 'presidencia', '2/11', 'pin', 'calma', 'responsabilidad', 'empresario', 'gobernar', 'movimiento', 'burro', 'alejar', 'dar', 'jajaaaar', 'pagar', 'suicidio', '1er', 'medio', 'área', 'esquina', 'miserable', 'jajajaja', 'pertenecer', 'posible', 'broaster', 'villar', 'ejercito', 'cholo', 'alguno', 'pasar', 'estimado', 'entrar', 'menos', 'peligroso', 'vivir', 'medicocentrista', 'pedir', 'participar', 'video', 'indignado', 'dudoso', 'subido', '3.50', 'separación', 'apagar', 'sino', 'manera', 'sisol', 'tierra', 'alma', 'alberto', 'presidente', 'palacio', 'cómo', 'afinidad', 'revuelta', 'oposición', 'politico', 'casa', 'estatista', 'dándole', 'sagrado', 'quedar', 'aníbal', 'cuyo', 'urgente', 'administración', 'español', 'comprar', 'capacidad', 'priorizar', 'sólo', 'misoginia', 'apañador', 'flojera', 'aladrar', 'izq', 'recién', 'órden', 'conveniencia', 'computadora', 'hablar', 'decisión', '11/11', 'novísimo', 'castillo', 'dia', 'internet', 'carrasco', 'aunque', 'pedro', 'asegurar', 'respecto', 'dirección', 'calle', 'peru', 'conferencia', 'invitar', 'animal', 'luz', 'montonero', 'raro', 'mas', 'ong', 'edith', 'pañuelo', 'ente', 'anahí', 'agabineter', 'homofobia', 'público', 'vacado', 'dispuesto', 'precio', 'vuelta', 'exregidor', 'ingreso', 'reunión', 'puerta', 'imposición', 'manuel', 'convicción', 'libre', 'mef', 'democrata', 'apellido', 'arremeter', 'aún', 'personaje', 'inmoral', 'portero', 'aguantar', 'bicentenario', 'salir', 'turismo', 'alza', 'machismo', 'milagroso', 'cambio', 'seguro', 'moral', 'vía', 'luis', 'comenzar', 'aceptar', 'sentar', 'juego', 'fin', 'chotear', 'diálogo', 'durar']"
27,HAMILTON,"['fernar', 'puntero', 'ayuda', 'suerte', 'regalar', 'final', 'indeed', 'suspects', 'esperar', 'maybe', 'riccardo', 'seb', 'nuevo', 'hamilton', 'carro', 'formula1', 'love', 'hungar', 'other', 'literally', 'russel', 'luchar', 'semana', 'silverstone', 'bee', 'arranque', 'the', 'not', 'naaa', 'btw', 'mean', 'hungariangp', 'hacer', 'dar', 'descalificar', 'seeing', 'posición', 'medio', 'mercede', 'polémico', 'defender', 'dejar', 'run', 'racing', 'pasar', 'twittelessseb', 'this', 'would', 'someone', 'primero', 'good', 'vettel', 'brutal', 'pasado', 'think', 'hungaroring', 'verstappen', 'fan', 'did', 'lograr', 'back', 'reglamento', 'than', 'f1xespn', 'lucha', 'sure', 'motor', 'segundo', 'ocon', 'quedar', 'called', 'usual', 'casi', 'deparar', 'matar', 'vuelto', 'año', 'lane', 'happy', 'csm', 'max', 'how', 'loco', '8vo', 'dos', 'después', 'that', 'was', 'temporada', 'denlar', 'limpio', '100', 'factual', 'musun', 'mejor', 'crying', 'talking', 'triste', 'fácil', 'broma', 'carrerón', 'checo', 'detener', 'because', 'ver', 'fucking', 'man', 'carrera', 'and', 'coronar', 'llorona', 'tremendo', 'afuera', 'heartbreaking', 'look', 'start', 'way', 'radio', 'def', 'increíble', 'about', 'batalla', 'ser', 'mundial', 'vuelta', 'poner', 'coming', 'vacaciones', 'tiempo', 'dio', 'vez', 'for', 'título', 'yes', 'victory', 'again', 'alonso', 'parte', 'aguantar', 'gracias', 'from', 'robot', 'claro', 'fia', 'didn', 'botta', 'campeonato', 'alpine', 'box', 'copa']"
28,HAPPY BIRTHDAY MARK,"['amar', 'you', 'mark', 'persona', 'continuar', 'markzen', 'hoy', 'buen', 'ser', 'happy', 'agradecer', 'salud', 'birthday', 'great', 'love', 'farito', 'talent', 'markie', 'adorar', 'desastre', 'leer', 'mejor', 'hope', 'feliz', 'time', 'luz', 'inspirar', 'orgulloso', 'have', 'never', 'lot', 'siempre', 'querer', 'happymarkday', 'cumpleaños', 'dear', 'apoyandolar', 'precioso', 'expresándomar', 'talentoso', 'solo', 'onyour23rdmark', 'change', 'futuro']"
29,JORGE DEL CASTILLO,"['siquiera', 'bellidonovo', 'nido', 'antero', 'apra', 'quesquén', 'buen', 'jorge', 'ser', 'historia', 'odio', 'fraude', 'mamar', 'aráoz', 'sheput', 'castillo', 'encabezar', 'aprista', 'merino', 'menos', 'oea', 'perú', 'criticar', 'ideal', 'ministro', 'traicionar', 'manifestar', 'bellidorenunciaya', 'villena', 'marcha', 'velásquez', 'flor', 'escudero', 'alan', 'manoseado', 'presidente', 'llamado', 'vida', 'terruqueo', 'mentira', 'bellido', 'garcir', 'frente', 'aljover', 'juan', 'pueblo', 'fujimorista', 'corrupto', 'torre', 'permitir', 'convertir', 'carrera', 'corrupción', 'vividor', 'canal', 'cayetana', 'ppc', 'pésimo', 'discurso', 'presentador', 'jajajajajajaajajajajajajajaaj', 'servir']"
30,JUAN SHEPUT,"['juerga', '…será', 'apologista', 'noticia', 'etcétera', 'mariateguista', 'cabanilla', 'mientras', 'antero', 'aquí', 'quesquén', 'ratooo', 'hombre', 'llegar', 'aráoz', 'sheput', 'ffaa', 'terrorismo', 'colectivo', 'criticar', 'ganar', 'total', 'foncode', 'cumplir', '.......', 'ministro', 'politixa', 'ahora', 'conelterrorismonosenegocia', 'ley', 'escanda', 'marcha', 'meche', 'flor', 'artículo', 'señalar', 'francke', 'gobernar', 'vida', 'mentira', 'hacer', 'juan', 'dar', 'fujimafioso', 'canal', 'vividor', 'preferir', 'cayetana', 'unificado', 'individuo', 'nivel', 'presentador', 'kis', 'profesinal', 'reintegrado', 'sindicato', 'recordar', 'señor', 'mercede', 'respetar', 'chata', 'defender', 'posible', 'bellidonovo', 'voto', 'tonto', 'dinamitar', 'buuuuuu', 'dejar', 'industrialización', 'buen', 'jorge', 'profesional', 'historia', '.....', 'rafael', 'opinión', 'encabezar', 'conducta', 'inscripción', 'menos', 'tocar', 'vacancia', 'perú', 'delito', 'vanesa', 'lar', 'provinciano', 'único', 'retiro', 'clase', 'salvo', 'hipócrita', 'velásquez', 'saber', 'cojudo', 'pum', 'decir', 'presidente', 'miedo', 'lograr', 'urbano', 'terrorista', 'sicario', 'demolido', 'ingenuo', 'aljover', 'willax', 'castro', 'fujimorista', 'visto', 'permitir', 'confianza', 'solo', 'mauricio', 'garan', 'blanco', 'brujo', 'constitucion', 'felicitar', 'nombrar', 'racista', 'alertar', 'estable', 'priorizar', 'partido', 'presidencial', 'vanessa', 'separar', 'cagda', 'ampayado', 'buuuu', 'apra', 'odio', 'verdad', 'xddd', 'breve', 'una.nadie', 'pretender', 'organismo', 'carta', 'control', 'militante', 'pareja', 'castillo', 'víctima', 'merino', 'mostrar', '6/11', 'jamás', 'dos', 'medida', 'oea', 'dicho', 'ampay', 'pedro', 'licencia', 'duro', 'después', 'letra', 'trabajar', 'derecho', 'cuestión', 'compinche', 'manifestar', 'amiguis', 'copamiento', 'creer', 'rondero', 'mediáticamente', 'servicio', 'villena', 'caer', 'plan', 'banda', 'mejor', 'muerto', 'atropello', 'grande', 'mes', 'eeuu', 'activo', 'maduro', 'terruqueo', 'cosa', 'bellido', 'japonés', 'frente', 'acosar', 'fortalecer', 'genial', 'nadie', 'cuello', 'gran', 'ver', 'hora', 'peligro', 'demoler', 'procurador', '......', 'necesitado', 'negociar', 'discurso', 'tremendo', 'terkes', 'sra', 'encontrar', 'jajajajajajaajajajajajajajaaj', 'siquiera', 'alva', 'mujer', 'jajaja', 'procedimiento', 'lastimar', 'improvisación', 'ser', 'mañana', 'fraude', 'llamar', 'ingreso', 'inteligente', 'gabinete', 'fuji', 'resultar', 'revelar', 'abierto', 'tiempo', 'caballero', 'oficial', 'reconocer', 'criminal', 'calabaza', 'aún', 'bellidorenunciaya', 'portero', 'tacho', 'salir', 'periodista', 'pra', 'asuuuuuuu', 'cabal', 'claro', 'manoseado', 'día', '7/11', 'buscar', 'arder', 'soltar', 'cerron', 'rey', 'punto', 'sometido', 'reclamar', 'mayoría', 'araoz', 'ppc', 'luis', 'fin', 'pésimo', 'ministerio', 'extranjero', 'imponer', 'dialogar', 'topo', 'futuro', 'servir']"
31,LAGOS,"['hecho', 'rodríguez', 'alemán', 'alientadesdecaso', 'concha', 'hoz', 'duda', 'firme', 'cusco', 'terruco', 'hoy', 'simon', 'movadef', 'pesar', 'luchadora', 'terrorismo', 'campo', 'dedo', 'inocente', 'premier', 'benítez', 'mérito', 'pájaro', 'hernán', 'ministro', 'ahora', 'ricardo', 'haber', 'poder', 'flor', 'luego', 'rendir', 'armar', 'momento', 'hacer', 'zapatón', 'edhit', 'reivindicado', 'dar', 'beneficio', 'fútbol', 'indefendible', 'líder', 'sanguinario', 'apología', 'pressing', 'barco', 'investigación', 'virgen', 'camarada', 'red', 'censurable', 'porqué', 'amanecer', 'recordar', 'lago', 'intentar', 'defender', 'aportar', 'buen', 'edit', 'profesional', 'colocado', 'pasar', 'saludo', 'sentenciado', 'aldair', 'pedir', 'liga1betssonxgolperu', 'mrta', 'sport', 'primero', 'vacancia', 'delito', 'depender', 'equipo', 'defensa', 'mora', 'sol', 'inicial', 'saber', 'abimael', 'decir', 'terrorista', 'traer', 'elegir', 'portal', 'través', 'nazi', 'jajajja', 'solo', 'promoción', 'guido', 'nombrar', 'peor', 'qaeda', 'lanzamiento', 'priorizar', 'pobre', 'partido', 'casi', 'matar', 'lima', 'combativo', 'tuco', 'gente', 'grito', 'pareja', 'dia', 'mal', 'aunque', 'miguez', 'meterse', 'jugársela', 'declaración', 'valleriestra', 'según', 'gringo', 'heroína', 'maria', 'tapar', 'once', 'ballón', 'preocupante', 'martillo', 'chileno', 'alan', 'tibio', 'defensor', 'acaso', 'camino', 'rojo', 'bellido', 'payaso', 'alianza', 'querer', 'social', 'maría', 'edith', 'ver', 'tiempoextrar', 'cada', 'gobierno', 'deslindar', 'apologia', 'emerretista', 'entrevista', 'equivocar', 'jajaja', 'pro', 'votar', 'gol', 'necesitar', 'boy', 'descuartizar', 'homenaje', 'senderista', 'ser', 'villanueva', 'abierto', 'dirigente', 'avanzar', 'luminoso', 'sendero', 'gracias', 'defensivo', 'tumba', 'indulto', 'polay', 'día', 'vía', 'generación', 'valenzuela', 'volante', 'milagro']"
32,LOURDES FLORES,"['gana', 'mujer', 'recordar', 'jajaja', 'aca', 'fidel', 'democracia', 'peruano', 'anticumunismo', 'chucha', 'poder', 'flor', 'lourde', 'saber', 'ptm', 'keiko', 'castro', 'dar', 'escuchar', 'ver', 'apoyar']"
33,MATZUDA,"['falta', 'partido', 'señor', 'rodríguez', 'retirar', 'lugar', 'alientadesdecaso', 'aportar', 'adelante', 'ser', 'ballon', 'poner', 'ataque', 'aldair', 'mostrar', 'quitar', 'probar', 'velocidad', 'mal', 'amigo', 'liga1betssonxgolperu', 'matzudar', 'jugado', 'jajajajaja', 'ahora', 'cuerpo', 'poder', 'pínto', 'rosa', 'contención', 'medio', 'ahí', 'hacer', 'deber', 'nadie', 'chibolo', 'titular', 'generación', 'mauricio', 'linea', 'distinto', 'encima', 'considerar', 'jugador', 'santo', 'valenzuela', 'desiquilibrante', 'busto', 'ingresar', 'ademir']"
34,MELGAR,"['candidato', 'cabeza', 'alientadesdecaso', 'tres', 'cristian', 'cusco', 'hoy', 'bernardo', 'marlon', 'dominar', 'balón', 'ganado', 'aplastar', 'miguel', '0-2', 'nuevo', 'deportivo', 'goleado', 'arequipeño', 'ahora', 'liquido', 'bordacahar', 'despeje', 'último', 'sumar', 'fecha', 'poder', 'compañero', 'movimiento', 'bernardocuesta', 'hacer', 'descuento', 'copadecampeón', 'ligafemenino', 'nombre', 'udh', 'ayacucho', 'líder', 'duelo', 'juliaca', 'cuadro', 'ruptura', 'rival', 'dejar', 'hat-trick', 'igualar', 'alguno', 'historia', 'pasar', 'clave', 'lile', 'consecutivo', 'binacional', 'estadio', 'liga1betssonxgolperu', 'primero', 'torneo', 'sportboy', 'césar', 'único', 'equipo', 'grau', 'pensar', 'liga1betsson', 'alma', '10:30hrs', 'rápido', 'psg', 'arequipa', 'lucir', 'liga1', 'arriba', 'segundo', 'quedar', '5-1', 'referencia', 'solo', 'delantero', 'registrar', 'ampliar', '13:15hrs', 'partido', 'romper', 'lugar', 'ventaja', 'mannucci', 'embargo', 'penal', 'medirlo', 'quinto', '0-3', 'regate', 'dos', 'así', 'cristal', 'san', 'temporada', '13:00hrs', 'trujillo', 'aparecer', 'dep', '100', 'apenas', 'monumento', 'martin', 'melgar', 'alianza', 'deber', 'estadístico', 'fbcm', 'fbc', 'atl', '0-0', 'largo', 'fabio', 'encontrar', 'asistencia', 'sudamericana', 'rojinegro', '15:30hrs', 'generar', 'jugada', 'gol', 'concreto', 'boy', 'pereyra', 'ser', 'costar', 'vallejo', 'poner', 'liga', 'inteligente', 'fase', 'escalar', 'vez', 'suelo', 'bajar', 'recoger', 'tercero', 'anotar', 'blanquiazul', 'clasificación', 'imparable', 'completado', '1-5', 'alianzalimo', 'sonqoliga1', 'jesús', 'punto', 'centro', 'futbolperuano', 'completo', '90+4', '0-4', '0-1', '11:00hrs', 'ojoaldato', 'argentino', 'bien', '130', 'superioridad', 'copa']"
35,MORA,"['oslimg', 'rodríguez', 'retirar', 'lugar', 'concha', 'alientadesdecaso', 'lima', 'edgar', 'arley', 'lago', 'boy', 'jairo', 'aldair', 'campo', 'liga1betssonxgolperu', 'benítez', 'primero', 'sport', 'miguez', 'hernán', 'ahora', 'mora', 'once', 'ballón', 'inicial', 'rojo', 'alianza', 'portal', 'amonestado', 'vía', 'valenzuela', 'ingresar', 'amarillo', 'barco', 'encontrar']"
36,NOVICK,"['preferir', 'novick']"
37,PALACIO,"['mismo', 'gustar', 'vista', 'transparentar', 'logística', 'mientras', 'méxico', 'avenida', 'solución', 'coordinar', 'colectivo', 'aliado', 'ons', 'cuento', 'actuar', 'alejado', 'nuevo', 'ocultar', 'plazo', 'acuerdo', 'resultado', 'antiguo', 'ahora', 'golpedeestado', 'ley', 'vivito', 'constituyente', 'similar', 'poder', 'transparencia', 'momento', 'nacer', 'despachopresidencial', 'unidaddefuerzaticas', 'juan', 'lamentable', 'quedastw', 'irse', 'convertir', 'chacra', 'virreinal', 'renuncia', 'cuídar', 'incapaz', 'preferir', 'vizcarra', 'aeróbico', 'meritocracia', 'ojo', 'porqué', 'voto', 'museo', 'pendiente', 'entonces', 'allí', 'caviar', 'blablabla', 'fantasma', 'aula', 'denunciado', 'primero', 'oportunidad', 'escondido', 'razón', 'retornar', 'acto', 'dividir', 'terrorista', 'pronto', 'captar', 'reglamento', 'ejecutar', 'exito', 'argumento', 'segundo', 'pais', 'asumir', 'marco', 'telo', 'nunca', 'lugar', 'año', 'decente', 'túnel', 'libremente', 'sitio', 'cambiar', 'embargo', 'alguien', 'operandi', 'tranquilidad', 'albergar', 'gabinete', 'control', 'bla', 'distar', 'así', 'medida', 'seguridad', 'disposición', 'funcionar', 'hueste', 'creer', 'plan', 'campaña', 'richard', 'preguntar', 'aconsejar', 'km2', 'keiko', 'siempre', 'deber', 'querer', 'nadie', 'analfabeto', 'ver', 'acondicionar', 'significar', 'discurso', 'encima', 'salida', 'cuándo', 'monedero', 'votar', 'vacar', 'senderista', 'ser', 'cerrón', 'llamar', 'demanda', 'cerrar', 'paranormal', 'repartija', 'complejo', 'cuentazo', 'paradero', 'vago', 'spr', 'pandemia', 'bellidorenunciaya', 'negocio', 'incumplir', 'anunciar', 'udo', 'feliz', 'punto', 'centro', 'institución', 'escuchar', 'consolar', 'titular', 'imponer', 'volver', 'comandante', 'gato', 'comunicación', 'ala', 'agenda', 'vigilancia', 'suegra', 'democrático', 'vaina', 'falso', 'ffaa', 'estupidez', 'amigo', 'culpa', 'cumplir', 'pretexto', 'caso', 'ladrón', 'excusa', 'funcional', 'programa', 'pentagonito', 'gobiern', 'indicar', 'hacer', 'mudanza', 'cierre', 'pueblo', 'incluso', 'contestar', 'asumetuvoto', 'negocear', 'corrupción', 'menor', 'cuadra', 'publico', 'sujetarse', 'colonia', 'evidenciar', 'señor', 'guau', 'explicación', 'sentenciar', 'empleo', 'historia', 'barato', 'vecino', 'ideario', 'taulichusco', 'inhabilitado', 'escandalizar', 'tirar', 'ilegal', 'dias.exministro', 'despacho', 'títere', 'pasillo', 'pensar', 'incapacidad', 'diario', 'cámara', 'decir', 'elegir', 'norma', 'ahí', 'fujimoristono', 'dese', 'llevar', 'traslado', 'usurpador', 'confianza', 'solo', 'garantía', 'registrar', 'presente', 'debajo', 'tratar', 'normalmente', 'palabrademaestro', 'hija', 'pie', 'nool', 'verdad', 'peruano', 'estructura', 'gente', 'definir', 'fujimorismo', 'loco', 'tomar', 'visita', 'trampa', 'escondidas', 'choquehuanca', 'obligatorio', 'robarlar', 'capital', 'muerto', 'mes', 'cuba', 'acaso', 'contrato', 'derecha', 'bellido', 'cosa', 'payaso', 'tradición', 'diferente', 'actual', 'hora', 'gobierno', 'dentro', 'largo', 'sede', 'juramentar', 'gana', 'chikar', 'entrevista', 'reyeso', 'fumigación', 'seguir', 'clandestinanmente', 'normado', 'firmar', 'obligar', 'manada', 'serio', 'indira', 'asesorar', 'reunir', 'absoluto', 'entender', 'vez', 'tema', 'suelo', 'regresar', 'clandestinidad', 'oficina', 'esconder', 'suponer', 'importar', 'dolido', 'solapado', 'sendero', 'limpiar', 'cuanto', 'grabado', 'padre', 'día', 'alguito', 'quiete', 'republicano', 'palaciodegobierno', 'car', 'sector', 'natural', 'bien', 'pizarro', 'transitir', 'confirmado', 'república', 'hecho', 'celebrar', 'lamentablemente', 'asuntosjudiciales.partidos', 'osear', 'hoy', 'sacar', 'bancada', 'terminar', 'llegar', 'esperar', 'premier', 'imbécil', 'dejatir', 'criticar', 'operar', 'peruexplicadoparaespaña', 'familia', 'cultura', 'vinculo', 'responder', 'total', 'ideal', 'símbolo', 'robar', 'lado', 'abarcar', 'económico', 'interés', 'general', 'adecuado', 'sueldo', 'denunciar', 'jefe', 'prensa', 'afectar', 'rumorear', 'acción', 'registro', 'cochinado', 'des', 'devolver', 'empezar', 'dejar', 'anterior', 'buen', '.....', 'función', 'denuncia', 'congreso', 'perú', 'vacancia', 'disfrazar', 'obligacion', 'demostrar', 'dueño', 'tener', 'cargo', 'aumentar', 'sol', 'titere', 'saber', 'mentiroso', 'asumetuapoyo', 'corrupto', 'opositor', 'realidad', 'construir', 'quién', 'país', 'huevar', 'presidencial', 'falta', 'temer', 'partido', 'teletrabajo', 'atentar', 'despachar', 'dinero', 'ayer', 'cuaderno', 'librar', 'respaldar', 'entidad', 'conocer', 'aplaudir', 'dicho', 'información', 'sinónimo', 'después', 'trabajar', 'nosé', 'pedrocastillo', '100', 'caer', 'existir', 'determinar', 'bicentenarioperu', 'andar', 'ppk', 'ofensa', 'cerca', 'apañar', 'encontrar', 'enterar', 'encerrado', 'niño', 'importante', 'increíble', 'forzar', 'pro', 'propiedad', 'presentar', 'humildad', 'inseguro', 'cualquiera', 'poner', 'contar', 'montesino', 'pcm', 'verdadero', 'envivo', 'igual', 'puro', 'prometer', 'choy', 'reducir', 'par', 'claro', 'chuponeador', 'buscar', 'irregularidad', 'cerron', 'dignidad', 'aon', 'comunista', 'crítica', 'negociado', 'rechazar', 'economia', 'memoria', 'nobe', 'dene', 'protocolo', 'odiar', 'kecimar', 'protesta', 'asi', 'colear', 'conocido', 'burlado', 'asesor', 'optar', 'quitar', 'separartir', 'impedir', 'ganar', 'impracticar', 'ministro', 'asesino', 'mesa', 'usuario', 'sombra', 'registrado', 'breña', 'minado', 'manejar', 'inconcebible', 'hacia', 'luego', 'responsabilidad', 'controlar', 'gobernar', 'formal', 'consultivo', 'pues', 'organizativo', 'aparente', 'alejar', 'labor', 'sustento', 'dar', 'exigir', 'lógico', 'quie', 'obligado', 'medio', 'jajajaja', 'siglo', 'unir', 'esposo', 'alguno', 'desear', 'resentirse', 'gobierne', 'demás', 'pasar', 'entrar', 'menos', 'vivir', 'bravo', 'delito', 'depender', 'bts', 'sino', 'alrededor', 'manera', 'recibir', 'alberto', 'presidente', 'palacio', 'hdp', 'inquilino', 'frankle', 'violación', 'casa', 'quedar', 'inmediato', 'perseguido', 'marchar', 'ninguno', 'porq', 'vacanciapresidencialya', 'español', 'mandar', 'korrupcion', 'sólo', 'lima', 'carar', 'órden', 'democracia', 'decirme', 'grupete', 'decisión', 'legítimo', 'gestión', 'castillo', 'omisión', 'mtvhottest', 'robo', 'aunque', 'válido', 'pedro', 'culpar', 'especular', 'delo', 'dirección', 'todavía', 'calle', 'peru', 'prestado', 'costoso', 'designado', 'bolivia', 'invitar', 'grande', 'uso', 'maduro', 'cuánto', 'simple', 'excelencia', 'ingresar', 'radical', 'mínimo', 'descarado', 'público', 'vacado', 'fujimontesinista', 'actividad', 'modus', 'ingreso', 'reunión', 'libro', 'xconstitucion', 'fuerza', 'atento', 'dónde', 'totalmente', 'cuenta', 'acercar', 'faena', 'fujimori', 'podredumbre', 'aún', 'legal', 'personaje', 'bicentenario', 'chuponeado', 'salir', 'dormir', 'realmente', 'organizado', 'cambio', 'moral', 'cavernario', 'aceptar', 'profesor', 'corregir']"
38,PIURA,"['piura', 'agosto', 'loúltir', 'demasiado', 'local', 'provecho', 'club', 'seguido', 'congresista', 'actuar', 'nuevo', 'disculpa', 'ahora', 'poder', 'juan', 'exterior', 'exceso', 'piurano', 'sonar', '2021-0461', 'perro', 'entonces', 'implementar', 'conclusión', 'sentir', 'sismoperu', 'agua', 'cry', '34km', 'terrorista', 'pronto', '3.8', 'patrio', 'declarar', 'sullano', 'daño', 'guido', 'paita', 'peor', 'provincia', 'lugar', 'feo', 'alguien', 'sincero', '2021-0458', 'gabinete', 'así', '4.0', 'mochila', 'creer', 'plan', 'diosito', 'herido', 'damar', 'keiko', 'siempre', '35km', 'deber', 'querer', 'dea', 'gestante', 'adefesio', 'petróleo', 'cuándo', 'alcalde', 'ser', 'preocupar', 'desvelo', '3.9', 'anunciar', 'periodista', 'oír', '02:07:12', '01/08/2021', 'lejos', 'iii', '11,135', 'delincuente', 'rato', '2021-0457', '30km', 'aquí', 'estudio', '11,831', '149mil', 'amigo', 'culpa', 'bancado', 'igp/censis/r', 'sobretodo', 'consejo', 'paso', '01:22:23', 'vida', 'hacer', 'situacion', 'cierre', 'come', 'ocurrir', 'explicación', 'parlamentario', 'directriz', 'chorebrio', 'causado', 'sres', 'vivo', 'polola', 'echar', 'sesionar', 'mancora', 'cizañoso', 'parecer', 'decir', 'miedo', 'ahí', 'solo', 'réplica', 'entero', 'ojalá', 'coen', 'ronda', 'simplificación', 'hijo', 'opinar', 'peruano', 'verdad', 'gente', 'luna', 'atún', 'salvaguardar', 'coimear', 'inmundo', 'trujillo', 'norte', 'descubrir', 'conformar', 'cosa', 'bellido', 'experiencia', 'derivación', 'aprovechar', 'hora', 'emerger', 'cada', 'codensar', '-4.94', 'gana', 'radio', 'seguir', 'alterar', 'centralismo', '-80.78', 'mañana', 'huevo', 'afectado', 'salud', 'reunir', '2021-0460', 'dio', 'resto', '2021-0459', 'administrativo', 'car', 'intensidad', '-4.92', 'acudir', 'profundidad', 'york', 'considerar', 'mayor', 'hecho', 'rascar', 'sulllana', 'hoy', 'bancada', 'suerte', 'terminar', 'llegar', 'sismo', 'traído', 'familia', 'desvelado', 'el.unicoq', 'símbolo', 'robar', 'exitoso', 'literal', 'emergencia', '4.3', 'canal', 'jefe', 'politica', 'temblar', 'evitar', 'dejar', 'buen', '-4.90', 'replica', 'perú', 'saber', 'miércoles', 'principal', 'crudo', 'comer', 'aca', '21,880', 'conocer', 'terror', 'latitud', 'enserio', 'causa', 'llegado', 'familiar', 'desfile', 'necesitar', '05:42:47', 'tempranooo', 'norteño', 'ayudar', 'maldito', 'rico', 'tambien', '44,793', 'mina', 'anulación', 'cerron', 'pegar', 'comunista', 'credibilidad', 'temblor', 'som', 'y/o', 'perder', 'ayuda', 'posicion', 'nota', 'liberación', 'sufridi', 'ganar', 'ministro', 'sombra', 'jodar', 'recuperar', 'malo', 'opción', 'fecha', 'calma', 'elsanticorazonyfuerza', 'suceder', 'pues', '32km', 'subsuelo', 'dou', 'petroleo', 'martes', 'pertenecer', 'longitud', 'alarma', 'alguno', 'zona', 'pasar', '-80.81', 'vivir', 'pedir', 'infiltrar', '-80.77', 'gobernador', 'fuerte', 'escribir', 'detector', 'tierra', 'manera', 'presidente', 'aun', 'fujimorista', 'quedar', 'referencia', 'comprar', 'insomnio', 'lima', 'tafur', 'castillo', 'oclddc', 'respecto', '-80.75', 'epicentro', 'raro', 'tmr', 'hermano', 'chance', 'público', 'gobernado', 'magnitud', 'vuelta', 'puerta', 'dónde', 'fuerza', 'fujimori', 'bienvenido', 'carretera', 'aún', 'susto', 'personaje', 'che', 'dormir', 'intrascendente', '01:42:00', '06:51:10', 'consulado', 'diálogo']"
39,PUCALLPA,"['instante', '5.3', '5.6', 'loúltir', 'longitud', 'ucayali', 'local', '-74.47', 'hdpta', 'magnitud', '2021-0463', 'sismo', 'coronel', 'vivo', 'sentir', 'latitud', 'igp/censis/r', 'fuerte', 'pucallpa', 'fecha', 'remesar', '-8.18', 'venir', 'pues', '162km', '01/08/2021', 'hacer', 'centro', 'sacudir', 'iii', 'intensidad', 'hora', '17:18:07', 'referencia', 'profundidad', 'portillo', 'registrar']"
40,RAFAEL REY,"['mismo', 'alva', 'tamb', 'mercede', 'etcétera', 'seguir', 'cabanilla', 'dejar', 'buen', 'entonces', 'desaparecer', 'hundir', 'breve', 'rafael', 'fantasma', 'sheput', 'contacto', 'bcr', 'diablo', 'pedir', 'pedelar', 'córdoba', 'ministro', 'nava', 'alucinar', 'tener', 'cierto', 'velarde', 'meche', 'reemplazo', 'alan', 'poder', 'venir', 'camino', 'luz', 'rey', 'juan', 'castro', 'ver', 'quedar', 'araoz', 'teta', 'solo', 'luis', 'guachimán', 'daniel', 'joder', 'gobierno', 'nombrar', 'país', 'chamba', 'ojala', 'provincia']"
41,RIVER,"['bello', 'hombre', 'monumental', 'terreno', 'ganar', 'corinthian', 'shilcayo', 'ligamx', 'fecha', 'sorprender', 'canal', 'empate', 'ligaprofesional', 'mineiro', 'copa', 'braian', 'huracán', 'taller', 'huarar', 'mts2', 'profesional', 'marcar', 'pasar', 'tarapoto', 'pucayar', 'vivo', 'tocar', 'video', 'proximar', 'boca', 'advíncula', 'sol', 'superclásico', '16:00hrs', 'cabezazo', 'plate', 'mt2', 'nicolás', 'sports', 'silva', 's/.100', 'ubicado', 'paranaense', 'millonario', 'river', 'únicamente', 'privado', 'medida', '18:00hrs', '1-0', 'paz', 'ciudad', '1-1', 'afrontar', 'fox', 'banda', 'rescatar', 'brasileirão', 'mas', 'deber', 'whatsapp', 'hora', 'atl', 'laguna', 'santo', 'romero', 'condominio', 'flamengo', 'premium', '13:45hrs', '1,574', 'liga', 'negociable', 'rematar', '14:00hrs', 'palmera', 'informe', 'debutar', 'azul', 'día', 'punto', 'river-huracán', 'vía', 'cien', 'argentino', 'directo', '2021', '999414466', 'luis', 'cruz', 'número']"
42,RUGGERO ACOUSTIC,"['ayuda', 'talento', 'amor', 'mientras', 'nota', 'bello', 'pared', 'llegar', 'ordinario', 'cállense', 'miel', 'último', 'arroba', 'listo', 'poder', 'mariposa', 'madrugada', 'alto', 'concierto', 'vida', 'hacer', 'challengeeee', 'sobrar', 'mil', 'rugge', 'dar', 'luca', 'demar', 'temblar', 'chico', 'acústico', 'uffff', 'vozzzz', 'empezar', 'buen', 'nutella', 'desear', 'pasar', 'labio', 'casualidad', 'entrar', 'chocolato', 'escruto', 'minuto', 'pos', 'sentir', 'religión', 'gentear', 'razón', 'boca', 'cenicienta', 'manera', 'canción', 'parecer', 'saber', 'chiquito', 'decir', 'lograr', 'rápido', 'paro', 'arriba', 'quedar', 'mood', 'cantar', 'arco', 'bésame', 'ruggero', 'hixe', 'país', 'romper', 'comer', 'falsete', 'úsame', 'dia', 'loco', 'piel', 'arcoo', 'dos', 'pestaña', 'mal', 'así', 'raya', 'bellaar', 'chela', 'extraño', 'nopuedeserrrr', 'aparecer', 'anchoa', 'señal', 'depre', 'acabar', 'damar', 'foto', 'uso', 'luz', 'cosa', 'tendencia', 'querer', 'faltar', 'alicia', 'conocerte', 'ver', 'show', 'gelatooo', 'corazón', 'amar', 'saturno', 'radio', 'sabor', 'noche', 'moverte', 'propiedad', 'dragón', 'ser', 'masre', 'gelato', 'llorar', 'aplausoosss', 'prender', 'tema', 'tambien', 'soñar', 'capitán', 'agudo', 'gracias', 'mia', 'acoustic', 'bailar', 'azul', 'outa', 'sueño', 'pegar', 'stop', 'mio', 'genteear', 'disney', 'fin', 'sentar', 'amarillo', 'maravilla', 'volver']"
43,STAY 3RD ANNIVERSARY,"['recordar', '5:30pm', 'acceder', 'outfit', 'correo', 'hoy', 'happy', 'haven', 'reunión', 'door', 'esperar', 'side', 'entrar', '3rd', 'enviado', 'participar', 'day', 'stay', 'llegado', 'proyecto', 'día', 'back', 'momento', 'pace', 'japonés', 'olvidar', 'anniversary', 'banner', 'slump', 'ver', 'link', 'lov3staywithskz', 'effects', 'revisar', 'comenzar']"
44,SUIZA,"['mismo', 'kcaméxico', 'separar', 'suiza', 'seguir', 'morir', 'felipe', 'dejar', 'dinero', 'w.tell/schiller', 'buen', 'negro', 'ser', 'hombre', 'saludo', 'paralelo', 'llegar', 'castillo', 'dia', 'cuenta', 'vivir', 'libre', 'dio', 'millón', 'real', 'universo', 'prosor', 'aldeano', 'política', 'jamelgo', 'bts', 'post', 'recaudo', 'tener', 'robado', 'servidumbre', 'cierto', 'necesidad', 'fiscal', 'robar', 'capital', 'padre', 'poder', 'paraíso', 'decir', 'plata', 'elsanticorazonyfuerza', 'buscar', 'miedo', 'feliz', 'hacer', 'rey', 'pueblo', 'querer', 'visto', 'mil', 'quedar', 'army', 'peligro', 'ofensa', 'titular', 'cálculo', 'confiar', 'soplar', 'profe…', 'hermano', 'butter']"
45,TUPAC AMARU,"['hecho', 'señor', 'unsaac', 'defender', 'precisar', 'impresentable', 'ignorante', 'héroe', 'ojota', 'terruco', 'descuartizar', 'buen', 'igualado', 'entonces', 'sombrero', 'bestia', 'hombre', 'pasar', 'serio', 'patria', 'docente', 'solidaridad', 'llegar', 'conocer', 'quitar', 'aguilar', 'comparar', 'gil', 'así', 'vacanciapedrocastillo', 'delito', 'pie', 'querido', 'comparación', 'declaración', 'nacional', 'gracias', 'amaru', 'rector', 'guzmán', 'tumba', 'abimael', 'administrativo', 'renunciabellido', 'velasco', 'defensor', 'sais', 'victor', 'punta', 'reforma', 'recontra', 'hacer', 'túpac', 'estúpido', 'bellido', 'retórica', 'revolcándose', 'estudiante', 'querer', 'deber', 'insultar', 'fuerabellido', 'quedar', 'tupac', 'murio', 'raúl', 'ninguno', 'pésimo', 'polvo', 'callar', 'caudillo', 'compar', 'agrario']"
46,VALENZUELA,"['rodríguez', 'alientadesdecaso', 'concha', 'ras', 'hoy', 'sacar', 'colocar', 'remate', 'colectivo', 'quitar', 'campo', 'nuevo', 'benítez', 'ganar', 'hernán', 'ahora', 'exclusivo', 'poder', 'paso', 'movimiento', 'francke', 'momento', 'hacer', 'caminar', 'desviado', 'denunciar', 'posición', 'linea', 'acción', 'medio', 'barco', 'intentar', 'lago', 'dejar', 'ramírez', 'villar', 'libertad', 'buen', 'distancia', 'pasar', 'función', 'aldair', 'huella', 'minuto', 'liga1betssonxgolperu', 'sport', 'primero', 'matzudar', 'tener', 'mora', 'tierra', 'sisol', 'cámara', 'inicial', 'alma', 'alberto', 'presidente', 'cómo', 'jugar', 'lentejero', 'portal', 'quedar', 'solo', 'lastimosamente', 'partido', 'falta', 'lima', 'retirar', 'lugar', 'ejecutivo', 'ballon', 'gente', 'édgar', 'mostrar', 'velocidad', 'así', 'ocasión', 'presionar', 'miguez', 'parecido', 'ballón', 'once', 'cohesionar', '9/11', 'interior', 'apenas', 'rojo', 'fallar', 'pase', 'puesto', 'alianza', 'deber', 'nadie', 'diferente', 'cancha', 'cerca', 'oliva', 'ingresar', 'largo', 'jugador', 'encima', 'generar', 'polémica', 'persona', 'necesitar', 'adelante', 'boy', 'tras', 'exregidor', 'poner', 'ayudar', 'edhu', 'potenciar', '120', 'oswaldo', 'contención', 'vía', 'generación', 'luis', 'ppc', 'valenzuela', 'quizás', 'volante', 'volver']"
47,VENEZUELA,"['mismo', 'récord', 'gustar', 'pacífico', 'agosto', 'demasiado', '15.67', 'local', 'memorex', '1995', 'enviar', 'solución', 'its', 'compañía', 'míratir', 'luchadora', 'treinta', 'narco', 'comercio', 'actuar', 'ahora', 'chile', 'deporte', 'ley', 'haber', 'poder', 'transparencia', '15.41', 'lamentable', 'pink', 'irse', 'convertir', 'sold', 'estendencia', 'triple', 'perfecto', 'dajom', 'venezolano', 'porqué', 'espn', 'ejemplo', 'europa', 'exiliado', 'hitler', 'converir', 'domingo', 'atletismo', 'primero', 'dorado', 'record', 'razón', 'world', 'cojudo', 'pronto', 'comité', 'ingenuo', 'avala', 'joaquinbondoni', 'pais', 'convenio', 'dart', 'creador', 'ruggero', 'dinámico', 'año', 'atleta', 'control', 'inviable', 'recurso', 'así', 'gahela', 'quebrar', 'caja', 'joven', 'creer', 'medalla', 'justificación', 'leer', 'tío', 'siempre', 'bazofia', 'deber', 'querer', 'enfermito', 'ver', 'buys', 'chávez', 'abyecto', 'peligro', 'ground', 'autor', 'votar', 'ser', 'preocupar', 'cerrón', 'obtener', 'llamar', 'dolar', 'harto', 'inteligente', 'cuñao', 'lamento', 'tokio2020', 'chino', 'pandemia', 'muerte', 'bmxfreestyle', 'marca', 'periodista', 'tar', 'lejos', 'dólarmonitor', '1/2', 'socialismo', 'estatal', 'alegría', 'volver', 'nicaragua', 'etcétera', 'duda', 'preparándose', 'protestar', 'espectacular', 'problema', 'gosa', 'crisis', 'propaganda', 'nojobar', 'nacionalista', 'saludar', 'cumplir', 'kravet', 'ladrón', 'desconocimiento', 'establecer', 'post', 'top', 'the', 'terminará', 'vida', 'hacer', 'además', 'intercambiar', 'pueblo', 'mil', 'jjootokio2020', 'grandísimo', 'barco', 'athletic', 'señor', 'femenino', 'absurdo', 'neisi', 'civil', 'entrenamiento', 'libertad', 'jorge', 'historia', 'oro', 'tokio', 'compra', 'vivo', 'comenzado', 'cápitalismo', 'allá', 'parecer', 'sudamérico', 'decir', 'donación', 'salto', 'ahí', 'ratero', 'llevar', 'preparar', 'solo', 'nombrar', 'tratar', 'sistema', 'ojalá', 'basil', 'pudrar', 'hija', '15,67', 'hijo', 'hazno', 'pie', 'verdad', 'ejecutivo', 'desaparecer', 'russian', 'gente', 'traídor', 'lacra', 'millon', 'respeto', 'enemigo', '15,50m', 'relato', 'dos', 'andrar', 'vacanciapedrocastillo', 'caro', 'oportunista', 'capital', 'mejor', 'muerto', 'biblia', 'mes', 'cuba', 'abrir', 'shockingly', 'copper', 'tibio', 'derecha', 'bellido', 'detener', 'dasaparecerlo', 'sudameruca', 'durar', 'exactly', 'cada', 'gobierno', 'perteneciente', 'gloria', 'esforzar', 'complicado', 'mirar', 'evo', 'imaginar', 'hna', 'asesorar', 'salud', 'usar', 'entender', 'dio', 'vez', 'carcel', 'reconocer', 'parar', 'regresar', 'pedrito', 'should', 'silver', 'abuso', 'pedófilo', 'ambos', 'tragar', 'migrante', 'conformado', 'parte', 'brincona', 'montar', 'cuanto', 'padre', 'día', 'yulimar', 'deportista', 'moneda', 'combatir', 'bien', '15.50', 'hecho', 'celebrar', 'internacional', 'replicar', 'represion', 'hoy', 'arreaza', 'final', 'llegar', 'combenir', 'esperar', 'dictadura', 'ciudadano', 'familia', 'región', 'agravar', 'calvito', 'fiscal', 'ruina', 'alto', 'alcanzar', 'zurdo', 'japón', 'arrasado', 'económico', 'culpable', 'lejano', 'military', 'dejar', 'orgullo', 'función', 'pára', 'perú', 'bolívarsoberano', 'amp', 'hilo', 'espacio', 'vender', 'tener', 'sol', 'saber', 'lograr', 'cogar', 'plata', 'impuesto', 'opositor', 'visto', 'permitir', 'stood', 'burrito', 'necedad', 'free', 'país', 'typical', 'superar', 'vete', 'cansar', 'dólar', 'dinero', 'conseguido', 'entidad', 'conocer', 'convencer', 'ipd', 'encargar', 'información', 'después', '15,39', 'botar', '100', 'caer', 'desastrozo', 'esperanza', 'existir', 'dolartoday', 'his', 'venir', 'rojo', 'mundo', 'invertir', 'respectivamente', 'amar', 'dedicar', 'getty', 'hrs', 'mujer', 'apoyo', 'sirio', 'logica', 'increíble', 'persona', 'representar', 'mochima', 'cualquiera', 'mundial', 'tras', 'verla', 'contar', 'vinir', 'honesto', 'rico', 'bañar', 'tahi', 'añez', 'disciplina', 'tal', 'equipment', 'carajoooo', 'gracias', 'américo', 'destruido', 'demócrata', 'arreglar', 'interesa.golpista', 'completo', 'comunista', 'juegosolimpico', 'most', 'argentino', 'cúpula', 'colombia', 'perder', 'jaja', 'favor', 'asi', 'dtentokio2020', 'valer', 'nota', 'terruco', 'triunfar', 'patria', 'asesor', 'serrania', 'image', 'sociedad', 'capitalismo', 'dictador', 'marxismo', 'ganar', 'idiota', 'asesino', 'inspiración', 'detalle', 'manejar', 'tokyo2020', 'tipo', 'isla', 'explicar', 'elsanticorazonyfuerza', 'alemania', 'suceder', 'gobernar', 'aburrir', 'cárcel', 'pagar', 'ibargüen', 'exigir', 'ameba', 'merecer', 'investigación', 'comunismo', 'seriar', 'empresa', 'jajajaja', 'ctm', 'olympic', 'sonia', 'unir', 'latinoamérica', 'varios', 'alguno', 'desear', 'matanza', 'pasar', '2020', 'clarito', 'dato', 'menos', 'vivir', 'pedir', 'agarrar', 'video', 'escuela', 'gobernador', 'saltar', 'borrego', 'escribir', 'lucecita', 'cantidad', 'nacional', 'veneco', 'agregar', 'sino', 'tokio2020xec', 'tierra', 'presidente', 'político', 'orgulloso', 'oposición', 'quedar', 'corea', 'kcamexico', 'ninguno', 'nicolás', 'mandar', 'narcotraficante', 'medallero', 'juliopeño', 'rose', 'democracia', 'olímpico', 'jajajajajaja', 'hablar', 'solucionar', 'gestión', 'castillo', 'ardido', 'despreciar', 'peru', 'producir', 'comparación', 'creencia', 'renunciar', 'sucio', 'bajo', 'revolutionized', 'quizá', 'bolivia', 'foto', 'grande', 'ecuador', '-por', 'eeuu', 'neither', 'maduro', 'raro', 'mas', 'venta', 'rebeca', 'chicle', 'metro', 'labour', 'barrio', 'hermano', 'ende', 'yolimar', 'diesel', 'triunfo', 'practicar', 'destruir', 'pelea', 'precio', 'deportación', 'guerrero', 'sugerente', 'libre', 'gasolina', 'acoustic', 'salir', 'realmente', 'have', 'venezuela', 'seguro', 'revisar', 'felicidad', 'profesor', 'juego', 'milagro', 'servir']"
48,YULIMAR ROJAS,"['mismo', 'récord', 'talento', 'celebrar', 'dtentokio2020', 'yulimarroja', 'hoy', 'celebración', '15.67', 'hambre', '1995', 'saltalanquero', 'enviar', 'patria', 'final', 'rivalidad', 'abusador', 'narco', 'embajadora', 'image', 'nuevo', 'ganar', 'jornada', 'familia', 'saludar', 'kravet', 'establecer', 'inspiración', 'tokyo2020', 'último', 'vamoooooo', 'alto', 'alcanzar', 'felicitación', 'vida', 'hacer', 'además', '15.41', 'época', 'lejano', 'estendencia', 'triple', 'participación', 'venezuelaentokyo', 'venezolano', 'athletic', 'señor', 'intentar', 'femenino', 'yuliiii', 'europa', 'unir', 'dejar', 'ejemplo', 'latinoamérica', 'alguno', 'tokio', 'oro', 'historia', '2020', 'saludo', 'atletismo', 'primero', 'video', 'dorado', 'hilo', 'saltar', 'vender', 'apagar', 'sino', 'inmenso', 'miseria', 'tokio2020xec', 'tierra', 'lograr', 'presidente', 'salto', 'comité', 'yuli', 'llevar', 'preparar', 'fino', 'solo', 'natal', 'nombrar', 'registrar', 'país', 'digno', 'anzoátegui', 'pobre', 'locura', 'año', 'modo', 'superar', '15,67', 'mantener', 'atleta', 'lluvia', 'olímpico', 'traídor', 'fondo', '15,50m', 'ipd', 'así', 'joven', 'planeta', 'conseguir', 'efusivo', '1541m', '15,39', 'sucio', 'batir', 'amistad', 'medalla', 'acabar', 'muerto', 'esperanza', 'grande', 'abrir', 'imitar', 'eeuu', 'rojo', 'siempre', 'mundo', 'luz', 'hazaña', 'impresionante', 'querer', 'dasaparecerlo', 'ver', 'metro', 'chicle', 'amar', 'perteneciente', 'getty', 'sudamericana', 'triunfo', 'pro', 'increíble', 'queeeeee', 'bomba', 'cualquiera', 'mundial', 'tras', 'obtener', 'tokio2020', 'contar', 'papá', 'centímetro', 'dio', 'libre', 'sangre', 'verdadero', 'disciplina', 'vaz', 'experto', 'compañerismo', '1567m', 'parte', 'gracias', 'imparable', 'marca', 'claro', 'día', 'yulimar', 'venezuela', 'lejos', 'deportista', 'comunista', 'juegosolimpico', 'escuchar', '1/2', 'diferencia', 'bien', 'felicidad', 'juego', 'alegría', '15.50', 'seguel', 'volver']"
